calle,calle filtrada,calle filtrada2,fiabilidad,gender,wikipedia
Calle Aniceto Alba,Aniceto Alba,,0.54,Male,
Avenida Melchor Pérez de Olguín,Melchor Pérez Olguín,,-0.5,Male,
Calle Plaza Mariscal Brown,Plaza Mariscal Brown,,-1.0,Male,
Avenida Cornelio Saavedra,Cornelio Saavedra,,-0.5,Male,
Calle Cecilio Guzmán de Rojas,Cecilio Guzmán Rojas,,-0.5,Male,
Calle Antonio Vivaldi,Antonio Vivaldi,,-0.5,Male,
Calle San Lorenzo,San Lorenzo,,-0.36,Male,
Calle Cieza de León,Cieza León,,-0.5,Male,
Calle La Merced,La Merced,,0.61,Male,
Calle Francisco Pizarro,Francisco Pizarro,,-0.5,Male,
Calle Diego de Almagro,Diego Almagro,,-1.0,Male,
Avenida Perú,Perú,,-0.47,Male,
Calle San Alberto,San Alberto,,-0.43,Male,
Calle Francisco Viedma,Francisco Viedma,,-0.5,Male,
Calle Garcilaso de la Vega,Garcilaso Vega,,0.93,Male,
Avenida Humboldt,Humboldt,,-0.5,Male,
Pasaje Fidelia Corral de Sánchez,Fidelia Corral Sánchez,,1.0,Female,
Calle Lanza,Lanza,,1.0,Male,
Calle Bolivar,Bolivar,,-0.5,Male,
Calle Pasteur,Pasteur,,-0.5,Male,
Calle Aurelio Melean,Aurelio Melean,,-0.5,Male,
Calle R. Torrico,R. Torrico,,-0.5,Male,
Calle Franklin Anaya,Franklin Anaya,,-0.49,Male,
Avenida Guillermo Urquidi,Guillermo Urquidi,,-0.5,Male,
Avenida Rubén Dario,Rubén Dario,,-1.0,Male,
Avenida Franz Tamayo,Franz Tamayo,,-0.5,Male,
Calle Francisco Palau,Francisco Palau,,-0.5,Male,
Calle Juana Azurduy de Padilla,Juana Azurduy Padilla,,1.0,Female,https://es.wikipedia.org/wiki/Juana_Azurduy
Calle Los Angeles,Los Angeles,,-1.0,Male,
Calle Joseph Maldonado,Joseph Maldonado,,-0.5,Male,
Calle Cardenal Terrazas,Cardenal Terrazas,,-1.0,Male,
Avenida Blanco Galindo,Blanco Galindo,,-0.45,Male,
Avenida Victor Ustariz,Victor Ustariz,,-0.99,Male,
Avenida Pedro Sarmiento de Gamboa,Pedro Sarmiento Gamboa,,-0.5,Male,
Avenida Daniel Campos,Daniel Campos,,-0.5,Male,
Calle Francisco Padilla,Francisco Padilla,,-0.5,Male,
Calle Manuel Ugalde,Manuel Ugalde,,-0.5,Male,
Calle Melquiades Cossio,Melquiades Cossio,,-0.49,Male,
Calle Tte. José Rosetti,Tte. José Rosetti,,-0.65,Male,
Calle Hernan Morales,Hernan Morales,,-1.0,Male,
Calle Juan José Pérez,Juan José Pérez,,-0.99,Male,
Calle Sbtte. Hernan Morales,Sbtte. Hernan Morales,,-1.0,Male,
Calle Subteniente Aranibar,Subteniente Aranibar,,-0.5,Male,
Calle Cornelio Saavedra,Cornelio Saavedra,,-0.5,Male,
Calle Julio Zambrana,Julio Zambrana,,-0.5,Male,
Calle Monseñor J. Garret Delgado,Monseñor J. Garret Delgado,,-0.29,Male,
Calle Monseñor J. Maria Montenegro,Monseñor J. Maria Montenegro,,0.98,Male,
Calle Rev. P. Raymundo Herman,Rev. P. Raymundo Herman,,-0.28,Male,
Calle Raúl Arce,Raúl Arce,,-0.5,Male,
Avenida Arquímedes,Arquímedes,,-0.5,Male,
Calle Teniente José Lopez,Teniente José Lopez,,-0.3,Male,
Calle Tte. José Lopez,Tte. José Lopez,,-0.65,Male,
Calle Montenegro,Montenegro,,-0.5,Male,
Avenida Capitán Rafael Pabón,Capitán Rafael Pabón,,-0.5,Male,
Calle Teniente Coronel Guillermo Sanchez,Teniente Coronel Guillermo Sanchez,,-0.5,Male,
Calle Capitán Hector Quiroga,Capitán Hector Quiroga,,-0.5,Male,
Avenida Amalia Villa de la Tapia,Amalia Villa Tapia,,1.0,Female,https://es.wikipedia.org/wiki/Amalia_Villa_de_la_Tapia
Calle Enrique Rojas,Enrique Rojas,,-0.5,Male,
Calle Capitán Walter Baya,Capitán Walter Baya,,-0.49,Male,
Calle Tte. Cordero,Tte. Cordero,,-0.49,Male,
Avenida Juana Azurduy,Juana Azurduy,,1.0,Female,https://es.wikipedia.org/wiki/Juana_Azurduy
Avenida Beneméritos del Chaco,Beneméritos Chaco,,-0.5,Male,
Calle Subteniente Jose Kanaut Dorado,Subteniente Jose Kanaut Dorado,,-0.49,Male,
Avenida Alfonso Arce,Alfonso Arce,,-0.5,Male,
Calle Luis Uriona,Luis Uriona,,-0.5,Male,
Avenida Guillermo Killman,Guillermo Killman,,-0.5,Male,
Calle Jorge Oilert,Jorge Oilert,,-1.0,Male,
Pasaje Walter Rocha,Walter Rocha,,-0.49,Male,
Calle Walter Rocha,Walter Rocha,,-0.49,Male,
Calle Santa Martha,Santa Martha,,1.0,Female,
Avenida Juana Azurduy de Padilla,Juana Azurduy Padilla,,1.0,Female,https://es.wikipedia.org/wiki/Juana_Azurduy
Avenida Rafael Urquidi,Rafael Urquidi,,-0.5,Male,
Calle General Acha,General Acha,,-0.47,Male,
Calle Jordán,Jordán,,-0.5,Male,
Calle Teodocio Caero,Teodocio Caero,,-0.49,Male,
Calle Ladislao Cabrera,Ladislao Cabrera,,-0.5,Male,
Calle Pachamama,Pachamama,,-0.5,Female,https://es.wikipedia.org/wiki/Pachamama
Calle General Achá,General Achá,,-0.5,Male,
Calle Mendez Arcos,Mendez Arcos,,-0.5,Male,
Calle Plaza Esteban Arze,Plaza Esteban Arze,,-0.5,Male,
Avenida Bartolomé Guzmán,Bartolomé Guzmán,,-0.5,Male,
Calle Walter Lehm,Walter Lehm,,-0.99,Male,
Calle Huascar,Huascar,,-0.5,Male,
Calle Los Comuneros,Los Comuneros,,-0.99,Male,
Calle Los Andes,Los Andes,,-0.99,Male,
Calle W. Zabalaga,W. Zabalaga,,-0.47,Male,
Calle Jose Aguirre Gainsborg,Jose Aguirre Gainsborg,,-0.49,Male,
Avenida Rafael Pabón,Rafael Pabón,,-0.5,Male,
Calle Subteniente Beltran,Subteniente Beltran,,-0.5,Male,
Calle J. M. del Carpio,J. M. Carpio,,-0.41,Male,
Avenida Siles,Siles,,-1.0,Male,
Avenida de la Fuerza Aérea,Fuerza Aérea,,-0.5,Male,
Calle Carlos Taboada,Carlos Taboada,,-0.5,Male,
Calle Maria Pardo,Maria Pardo,,0.99,Female,
Calle J. M. Gutierrez,J. M. Gutierrez,,-0.41,Male,
Calle Subteniente Mario Calvo,Subteniente Mario Calvo,,-0.5,Male,
Calle Tte. Monasterio,Tte. Monasterio,,-1.0,Male,
Calle Luis Ernest Rivera,Luis Ernest Rivera,,-0.5,Male,
Calle Comandante Teddy Scott V.,Comandante Teddy Scott V.,,-0.97,Male,
Calle Capitán Luis Paravicini,Capitán Luis Paravicini,,-0.5,Male,
Calle Coronel Eliodoro Neri,Coronel Eliodoro Neri,,-0.77,Male,
Calle Capitán Luis Garcia,Capitán Luis Garcia,,-0.5,Male,
Calle Moto Méndez,Moto Méndez,,0.67,Male,
Calle N. Rios,N. Rios,,-0.38,Male,
Calle Manuel P. Laredo,Manuel P. Laredo,,-0.5,Male,
Calle General Díaz,General Díaz,,-0.5,Male,
Calle C. Cardenas,C. Cardenas,,-0.58,Male,
Calle Luisa Ascui,Luisa Ascui,,1.0,Female,
Calle Manuela Saavedra,Manuela Saavedra,,1.0,Female,
Calle Maria Luisa Bustos,Maria Luisa Bustos,,0.99,Female,
Calle Luis Frias,Luis Frias,,-0.5,Male,
Calle José M. Carrasco,José M. Carrasco,,-0.29,Male,
Avenida Mártires de la Democracia,Mártires Democracia,,-0.5,Male,
Calle Federico Jimenez,Federico Jimenez,,-1.0,Male,
Calle Francisco Santivañez,Francisco Santivañez,,-0.5,Male,
Calle Valverde,Valverde,,0.72,Male,
Calle Manuel Virreira,Manuel Virreira,,-0.5,Male,
Calle P. Orosco,P. Orosco,,-0.4,Male,
Calle Lisandro Quiroga,Lisandro Quiroga,,-0.5,Male,
Calle Nataniel Arauco,Nataniel Arauco,,-0.5,Male,
Calle Santa Cristina,Santa Cristina,,1.0,Female,
Calle Santa Vera Cruz,Santa Vera Cruz,,0.88,Male,
Avenida María Auxiliadora,María Auxiliadora,,1.0,Female,
Calle Nataniel Aguirre,Nataniel Aguirre,,-0.5,Male,
Calle Esteban Arce,Esteban Arce,,-0.5,Male,
Pasaje José Alonso de Ibáñez,José Alonso Ibáñez,,-0.31,Male,
Calle San Martín,San Martín,,-0.5,Male,
Calle Ismael Montes,Ismael Montes,,-1.0,Male,
Calle Agustín López,Agustín López,,-1.0,Male,
Calle Juan Francisco Velarde,Juan Francisco Velarde,,-0.99,Male,
Calle Tupac Katari,Tupac Katari,,-0.6,Male,
Calle Francisco Miranda,Francisco Miranda,,-0.48,Male,
Calle Víctor Paz Estenssoro,Víctor Paz Estenssoro,,-0.95,Male,
Calle Eduardo Rivas U.,Eduardo Rivas U.,,-1.0,Male,
Calle Marcela Sisa,Marcela Sisa,,1.0,Female,
Avenida Rene Barrientos Ortuño,Rene Barrientos Ortuño,,-0.46,Male,
Calle Magdalena,Magdalena,,1.0,Female,
Calle María Barzola,María Barzola,,1.0,Female,
Calle Nicolas Katari,Nicolas Katari,,-1.0,Male,
Calle Victor Loza,Victor Loza,,-0.99,Male,
Calle Plaza José Cuadros,Plaza José Cuadros,,-0.3,Male,
Calle Benjamín Blanco,Benjamín Blanco,,-1.0,Male,
Calle Mariano Ricardo Terrazas,Mariano Ricardo Terrazas,,-0.5,Male,
Calle José Armando Mendez,José Armando Mendez,,-0.35,Male,
Calle Manuel Canedo,Manuel Canedo,,-0.5,Male,
Calle República Dominicana,República Dominicana,,1.0,Male,
Calle Mistral,Mistral,,-0.5,Female,https://es.wikipedia.org/wiki/Gabriela_Mistral
Calle República de Cuba,República Cuba,,0.71,Male,
Calle José Antonio Arze,José Antonio Arze,,-0.46,Male,
Calle Agustín Aspiazu,Agustín Aspiazu,,-1.0,Male,
Calle Linares,Linares,,-0.5,Male,
Calle Parque del Maestro,Parque Maestro,,-0.5,Male,
Calle Juan José Carrasco,Juan José Carrasco,,-0.99,Male,
Calle Gustavo Otero,Gustavo Otero,,-0.5,Male,
Calle Dario Montaño,Dario Montaño,,-0.5,Male,
Calle Enrique Salinas,Enrique Salinas,,-0.5,Male,
Calle Angel Honorato Salazar,Angel Honorato Salazar,,-0.31,Male,
Calle Hans Greter,Hans Greter,,-0.5,Male,
Calle Julio Kanaudt,Julio Kanaudt,,-0.5,Male,
Calle J. Santos Atahuallpa,J. Santos Atahuallpa,,-0.28,Male,
Calle Tomasa Tito C.,Tomasa Tito C.,,0.47,Female,
Calle Felipa Tupac Amaru,Felipa Tupac Amaru,,0.49,Male,
Calle Capitán Ñuflo de Chavez,Capitán Ñuflo Chavez,,-0.5,Male,
Calle Manuel Ferrufino,Manuel Ferrufino,,-0.5,Male,
Calle Lucia Alcocer,Lucia Alcocer,,1.0,Female,
Calle Manuela Rodriguez,Manuela Rodriguez,,1.0,Female,
Calle Miguel Ferrufino,Miguel Ferrufino,,-1.0,Male,
Calle Manuel Via,Manuel Via,,-0.5,Male,
Calle Rafael Bustillo-Norte,Rafael Bustillo-Norte,,-0.5,Male,
Calle Sofia Rosell,Sofia Rosell,,1.0,Female,
Calle Ignacio Warnes,Ignacio Warnes,,-1.0,Male,
Calle Tomás Monje G.,Tomás Monje G.,,-0.99,Male,
Calle Jose Gutierrez G.,Jose Gutierrez G.,,-0.49,Male,
Calle Enrique Hertzog G.,Enrique Hertzog G.,,-0.5,Male,
Calle Severo Fernandez A.,Severo Fernandez A.,,-0.49,Male,
Calle Santa Lucía,Santa Lucía,,1.0,Female,
Avenida Santa Bárbara,Santa Bárbara,,1.0,Female,
Calle Ricardo Soruco,Ricardo Soruco,,-1.0,Male,
Calle San Joaquín,San Joaquín,,-0.5,Male,
Calle Santo Domingo Savio,Santo Domingo Savio,,-0.29,Male,
Calle San Bernardo,San Bernardo,,-0.5,Male,
Calle San Bernabé,San Bernabé,,0.25,Male,
Calle Santa Cecilia,Santa Cecilia,,1.0,Female,
Calle San Eduardo,San Eduardo,,-0.41,Male,
Calle San Bartolomé,San Bartolomé,,0.25,Male,
Avenida Nuestra Señora de Lourdes,Nuestra Señora Lourdes,,1.0,Female,
Calle Señor de los Milagros,Señor Milagros,,0.5,Female,
Avenida San Juan Bosco,San Juan Bosco,,-0.47,Male,
Calle Santa Clara,Santa Clara,,1.0,Female,
Calle Señor de Burgos,Señor Burgos,,-0.5,Male,
Calle Melchor León de la Barra,Melchor León Barra,,-0.5,Male,
Calle Casimiro Valenzuela,Casimiro Valenzuela,,-0.5,Male,
Calle Lucio Perez,Lucio Perez,,-0.5,Male,
Calle Antonio Gallardo,Antonio Gallardo,,-0.5,Male,
Calle Fermín Eyzaguirre,Fermín Eyzaguirre,,-1.0,Male,
Calle Adolfo Ballivián,Adolfo Ballivián,,-1.0,Male,
Calle Raúl Salmón,Raúl Salmón,,-0.5,Male,
Calle Walter Guevara Arze,Walter Guevara Arze,,-0.99,Male,
Avenida Federico Escobar,Federico Escobar,,-0.5,Male,
Calle Tomas Vera Carrasco,Tomas Vera Carrasco,,-0.79,Male,
Calle Serapio Reyes Ortiz,Serapio Reyes Ortiz,,-0.39,Male,
Calle Matias Cotrina,Matias Cotrina,,-0.5,Male,
Calle Martín Fierro,Martín Fierro,,-0.5,Male,
Calle Tierra Morena,Tierra Morena,,0.99,Male,
Calle Simón I. Patiño,Simón I. Patiño,,-0.44,Male,
Calle Martín Cárdenas,Martín Cárdenas,,-0.5,Male,
Calle José Luis Tejada Sorzano,José Luis Tejada Sorzano,,-0.43,Male,
Calle Rafael Peña,Rafael Peña,,-0.5,Male,
Calle Fabian Vaca Chavez,Fabian Vaca Chavez,,-0.5,Male,
Calle Cnl. Juan L. Muñoz,Cnl. Juan L. Muñoz,,-0.99,Male,
Calle Carmelo Lopez Cuellar,Carmelo Lopez Cuellar,,-0.5,Male,
Calle Macario Pinilla,Macario Pinilla,,-0.5,Male,
Calle Elioda Valdivia Miranda,Elioda Valdivia Miranda,,1.0,Female,
Calle Matías Cotrina,Matías Cotrina,,-0.5,Male,
Calle San Francisco de Sales,San Francisco Sales,,-0.47,Male,
Calle Ezequiel,Ezequiel,,-1.0,Male,
Calle Santa Bárbara,Santa Bárbara,,1.0,Female,
Calle Santa Inés,Santa Inés,,1.0,Female,
Calle San Felipe,San Felipe,,-0.69,Male,
Calle Mártires Salesianos,Mártires Salesianos,,-0.5,Male,
Calle San Francisco Nervi,San Francisco Nervi,,-0.47,Male,
Calle Santiago El Menor,Santiago El Menor,,-1.0,Male,
Calle Bartolomé Garnica,Bartolomé Garnica,,-0.5,Male,
Calle San Lucas,San Lucas,,-0.5,Male,
Calle San Mateo,San Mateo,,-0.5,Male,
Calle Santiago El Mayor,Santiago El Mayor,,-1.0,Male,
Calle San Marcos Evangelista,San Marcos Evangelista,,-0.37,Male,
Calle San Pablo,San Pablo,,-0.5,Male,
Calle San Juan,San Juan,,-0.5,Male,
Calle San Fernando,San Fernando,,-0.44,Male,
Calle Santa Juana de Arco,Santa Juana Arco,,0.91,Female,
Calle San Sebastián,San Sebastián,,-0.5,Male,
Calle San Pedro,San Pedro,,-0.25,Male,
Calle Juan Roman,Juan Roman,,-1.0,Male,
Calle San Gerónimo,San Gerónimo,,0.25,Male,
Calle Tómas Gamboa,Tómas Gamboa,,-0.5,Male,
Calle Rio Madre de Dios,Rio Madre Dios,,-0.56,Male,
Calle San Antonio,San Antonio,,-0.5,Male,
Calle Diego Veizaga,Diego Veizaga,,-1.0,Male,
Calle Miguel Coca,Miguel Coca,,-1.0,Male,
Avenida Esteban Gonzales,Esteban Gonzales,,-1.0,Male,
Calle Juan Terrazas,Juan Terrazas,,-0.99,Male,
Calle Santa Catalina,Santa Catalina,,1.0,Female,
Calle San Carlos,San Carlos,,-0.46,Male,
Calle Ascencio de Galarza,Ascencio Galarza,,-0.49,Male,
Calle Tomas Gamboa,Tomas Gamboa,,-1.0,Male,
Calle Judas Tadeo,Judas Tadeo,,-0.5,Male,
Calle Diego Prado,Diego Prado,,-1.0,Male,
Calle Lucas Quiroz,Lucas Quiroz,,-0.5,Male,
Calle Tomás Gamboa,Tomás Gamboa,,-1.0,Male,
Avenida Pedro Olañeta,Pedro Olañeta,,-0.5,Male,
Calle Casimiro Olañeta,Casimiro Olañeta,,-0.5,Male,
Calle Bartolomé Colón,Bartolomé Colón,,-0.5,Male,
Calle Rafael Bustillo-Sud,Rafael Bustillo-Sud,,-0.5,Male,
Calle Blanco Galindo,Blanco Galindo,,-0.45,Male,
Calle Esteban Arze,Esteban Arze,,-0.5,Male,
Calle Daniel Salamanca,Daniel Salamanca,,-0.5,Male,
Calle Adela Zamudio,Adela Zamudio,,1.0,Female,https://es.wikipedia.org/wiki/Adela_Zamudio
Avenida Camilo Torrez,Camilo Torrez,,-1.0,Male,
Calle Diego Quic,Diego Quic,,-1.0,Male,
Avenida Zarate Wilka,Zarate Wilka,,1.0,Male,
Calle Miguel José Cabrera,Miguel José Cabrera,,-0.99,Male,
Calle José Maria Valda,José Maria Valda,,0.82,Male,
Calle Francisco Vidal,Francisco Vidal,,-0.5,Male,
Calle Nicolas de Cabrera,Nicolas Cabrera,,-1.0,Male,
Calle Manuel Mariano Centeno,Manuel Mariano Centeno,,-0.5,Male,
Calle Dionisio de la Borda,Dionisio Borda,,-0.5,Male,
Calle Melchor Paz,Melchor Paz,,-0.44,Male,
Calle Pablo de Meneses,Pablo Meneses,,-1.0,Male,
Calle Sebastian de Castilla,Sebastian Castilla,,-1.0,Male,
Calle Marianela Garcia,Marianela Garcia,,0.96,Female,
Calle M. Gandhi,M. Gandhi,,-0.42,Male,
Calle Manuel Tame,Manuel Tame,,-0.5,Male,
Calle Cristobal Ramirez,Cristobal Ramirez,,-1.0,Male,
Avenida Francisco de Borja,Francisco Borja,,-0.5,Male,
Calle Francisco de Almendras,Francisco Almendras,,-0.5,Male,
Calle Antonio de Mendoza,Antonio Mendoza,,-0.5,Male,
Calle Jose De la Serna,Jose De la Serna,,-0.49,Male,
Calle Hermana Maria Teresa,Hermana Maria Teresa,,0.5,Female,
Calle Manuel de Amat,Manuel Amat,,-0.5,Male,
Calle Luis de Velasco,Luis Velasco,,-0.5,Male,
Avenida Belisario Boeto,Belisario Boeto,,-0.5,Male,
Calle Dionisio Bobadilla,Dionisio Bobadilla,,-0.5,Male,
Calle Pedro Terrazas,Pedro Terrazas,,-1.0,Male,
Calle Mariano Guzmán,Mariano Guzmán,,-0.5,Male,
Pasaje M. Vargas,M. Vargas,,-0.38,Male,
Calle Alonso de Alvarado,Alonso Alvarado,,-0.5,Male,
Calle Lope de Mendieta,Lope Mendieta,,-0.49,Male,
Calle P. Alonso de Hinojosa,P. Alonso Hinojosa,,-0.27,Male,
Calle Francisco Carvajal,Francisco Carvajal,,-0.5,Male,
Calle Crispín Díez de Medina,Crispín Díez Medina,,0.98,Male,
Calle Juan de Sandoval,Juan Sandoval,,-0.5,Male,
Calle Blasco Núñez Vela,Blasco Núñez Vela,,0.58,Male,
Calle Juan de Mendoza,Juan Mendoza,,-0.5,Male,
Avenida Pedro de la Gasca,Pedro Gasca,,-0.5,Male,
Calle Andres Hurtado,Andres Hurtado,,-0.5,Male,
Calle Diego Fernandez,Diego Fernandez,,-1.0,Male,
Calle Pedro de Toledo,Pedro Toledo,,-0.5,Male,
Calle José M. Dalence,José M. Dalence,,-0.29,Male,
Calle Diego Benavidez,Diego Benavidez,,-1.0,Male,
Calle Pedro Buitrago,Pedro Buitrago,,-0.5,Male,
Calle Tomás Baldivieso,Tomás Baldivieso,,-1.0,Male,
Calle Juan Polo de Ondegardo,Juan Polo Ondegardo,,-0.99,Male,
Calle Manuel Sanchez de Velasco,Manuel Sanchez Velasco,,-0.5,Male,
Calle Luis de Rivera,Luis Rivera,,-0.5,Male,
Calle Diego Lopez,Diego Lopez,,-1.0,Male,
Calle Saturnino Sanjinez,Saturnino Sanjinez,,-0.49,Male,
Calle Enriquez,Enriquez,,-0.43,Male,
Calle Mariano del Callejo,Mariano Callejo,,-0.5,Male,
Calle Guzmán,Guzmán,,-1.0,Male,
Calle Baltazar de la Cueva,Baltazar Cueva,,-0.49,Male,
Avenida Maximiliano Kolbe,Maximiliano Kolbe,,-0.49,Male,
Avenida Cristo de la Concordia,Cristo Concordia,,-0.49,Male,
Calle Mendoza,Mendoza,,-0.3,Male,
Calle Mar del Plata,Mar Plata,,0.97,Male,
Calle Monseñor O. Arnulfo Romero,Monseñor O. Arnulfo Romero,,-0.41,Male,
Calle Enrique Encinas,Enrique Encinas,,-0.5,Male,
Calle Jimmy Lee Jackson,Jimmy Lee Jackson,,-0.96,Male,
Calle Rutilio Grande,Rutilio Grande,,-0.5,Male,
Calle Joseph de la Fuente,Joseph Fuente,,-0.5,Male,
Calle Ignacio Ellacuria,Ignacio Ellacuria,,-1.0,Male,
Calle Enrique Angelelli,Enrique Angelelli,,-0.5,Male,
Avenida M. Luther King,M. Luther King,,-0.34,Male,
Calle Roberto Alvarado,Roberto Alvarado,,-0.99,Male,
Calle Mauricio Lopez,Mauricio Lopez,,-0.5,Male,
Avenida Pedro de Toledo,Pedro Toledo,,-0.5,Male,
Calle Carlos Flores,Carlos Flores,,-1.0,Male,
Calle Francisco del Rivero,Francisco Rivero,,-0.5,Male,
Calle Micaela Bastidas,Micaela Bastidas,,0.5,Female,https://es.wikipedia.org/wiki/Micaela_Bastidas
Calle José de Almendarez,José Almendarez,,-0.3,Male,
Calle Bartolome Guzman,Bartolome Guzman,,-0.5,Male,
Calle Marcos Escudero,Marcos Escudero,,-0.5,Male,
Calle Baltazar Alquiza,Baltazar Alquiza,,-0.49,Male,
Calle Juan de la Cruz Monje,Juan Cruz Monje,,-0.99,Male,
Calle Melchor de la Barra,Melchor Barra,,-0.49,Male,
Avenida Pedro de Zeballos,Pedro Zeballos,,-1.0,Male,
Calle Nicolas del Campo,Nicolas Campo,,-1.0,Male,
Calle Tomás Barron,Tomás Barron,,-1.0,Male,
Calle San Felipe de Austria,San Felipe Austria,,-0.32,Male,
Avenida Humberto Asín Rivero,Humberto Asín Rivero,,-0.5,Male,
Avenida Blanco Galindo,Blanco Galindo,,-0.45,Male,
Calle Humberto Iporre,Humberto Iporre,,-0.5,Male,
Calle Gilberto Rojas,Gilberto Rojas,,-1.0,Male,
Calle Adrian Patiño,Adrian Patiño,,-0.47,Male,
Calle Mauro Nuñez,Mauro Nuñez,,-0.5,Male,
Calle Héroes Nacionales,Héroes Nacionales,,-1.0,Male,
Calle Juan Pinto,Juan Pinto,,-0.99,Male,
Avenida Bolívar,Bolívar,,-0.5,Male,
Calle Alberto Guizada,Alberto Guizada,,-1.0,Male,
Avenida H. Ronald Veizaga,H. Ronald Veizaga,,-0.49,Male,
Calle Tiburcio Meneses,Tiburcio Meneses,,-0.5,Male,
Avenida Arquimedes,Arquimedes,,-0.5,Male,
Avenida Arquímedes,Arquímedes,,-0.5,Male,
Avenida Amalia Villa de La Tapia,Amalia Villa La Tapia,,1.0,Female,https://es.wikipedia.org/wiki/Amalia_Villa_de_la_Tapia
Avenida Simón Bolivar,Simón Bolivar,,-0.5,Male,
Calle Aniceto Arce,Aniceto Arce,,-0.5,Male,
Calle Mario Mujia,Mario Mujia,,-0.5,Male,
Calle Saavedra,Saavedra,,-0.5,Male,
Calle Juana A. De Padilla,Juana A. De Padilla,,0.99,Female,https://es.wikipedia.org/wiki/Juana_Azurduy
Calle Juan Pablo II,Juan Pablo II,,-0.99,Male,
Calle Jose Rodriguez Rivas,Jose Rodriguez Rivas,,-0.49,Male,
Calle Gabriel García Marquez,Gabriel García Marquez,,-0.49,Male,
Avenida Simón Bolívar,Simón Bolívar,,-0.5,Male,
Calle Adela Zamudio,Adela Zamudio,,1.0,Female,https://es.wikipedia.org/wiki/Adela_Zamudio
Avenida Mariscal de Ayacucho,Mariscal Ayacucho,,-0.5,Male,
Calle Doctor Carlos Aranibar,Doctor Carlos Aranibar,,-0.5,Male,
Calle Doctor José Anaya,Doctor José Anaya,,-0.31,Male,
Calle Doctor Joaquín Salcedo,Doctor Joaquín Salcedo,,-1.0,Male,
Avenida Martín Cárdena,Martín Cárdena,,-0.5,Male,
Calle Doctor José de la Via,Doctor José Via,,-0.33,Male,
Calle Doctor José Barrero,Doctor José Barrero,,-0.33,Male,
Calle Daniel Albornoz,Daniel Albornoz,,-0.5,Male,
Calle Celier Castro Cartagena,Celier Castro Cartagena,,-0.5,Male,
Calle Cleomedes Blanco Galindo,Cleomedes Blanco Galindo,,-0.91,Male,
Calle Francis Peyton Rous,Francis Peyton Rous,,-0.43,Male,
Calle Severo Ochoa,Severo Ochoa,,-0.5,Male,
Calle Thomas H. Morgan,Thomas H. Morgan,,-0.99,Male,
Calle Jose Benigno Sanchez Gonzales,Jose Benigno Sanchez Gonzales,,-0.49,Male,
Calle José E. Quiroga,José E. Quiroga,,-0.3,Male,
Calle Adrian Trigo Claros,Adrian Trigo Claros,,-0.47,Male,
Calle Edgar Adrian,Edgar Adrian,,-1.0,Male,
Calle Antenor de la Via García,Antenor Via García,,-0.49,Male,
Calle Doctor Eduardo Saracho,Doctor Eduardo Saracho,,-0.5,Male,
Calle Robert Koch,Robert Koch,,-0.99,Male,
Calle Benjamín Maldonado,Benjamín Maldonado,,-1.0,Male,
Calle José Reyes Morales,José Reyes Morales,,-0.62,Male,
Calle Sir Ronald Ross,Sir Ronald Ross,,-0.5,Male,
Calle Manuel Villarroel Arnez,Manuel Villarroel Arnez,,-0.5,Male,
Calle Santiago Pi Suñer,Santiago Pi Suñer,,-1.0,Male,
Calle Walter Galindo Quiroga,Walter Galindo Quiroga,,-0.49,Male,
Calle Zenón Gamboa Antezana,Zenón Gamboa Antezana,,-0.3,Male,
Calle Atilio Molina Pantoja,Atilio Molina Pantoja,,-0.46,Male,
Calle Charles Nicolle,Charles Nicolle,,-0.99,Male,
Calle Hermann Joseph Muller,Hermann Joseph Muller,,-0.99,Male,
Calle Raúl Maldonado Soliz,Raúl Maldonado Soliz,,-0.5,Male,
Avenida Amalia Villa de la Tapia,Amalia Villa Tapia,,1.0,Female,https://es.wikipedia.org/wiki/Amalia_Villa_de_la_Tapia
Calle Gabriel Arze Quirga,Gabriel Arze Quirga,,-0.49,Male,
Calle Cesar Adriazola Rivera,Cesar Adriazola Rivera,,-0.5,Male,
Calle Carlos Aranibar Orozco,Carlos Aranibar Orozco,,-0.99,Male,
Calle Ivan Pavlov,Ivan Pavlov,,-1.0,Male,
Calle Joaquín Saucedo Laredo,Joaquín Saucedo Laredo,,-1.0,Male,
Calle Pedro Barrio Nuevo,Pedro Barrio Nuevo,,-0.5,Male,
Avenida Juan Pablo II,Juan Pablo II,,-0.99,Male,
Pasaje Alejandro Ayala G.,Alejandro Ayala G.,,-1.0,Male,
Calle Alejandro Ayala G.,Alejandro Ayala G.,,-1.0,Male,
Calle Raúl Aranibar Orozco,Raúl Aranibar Orozco,,-0.5,Male,
Calle Isaac Newton,Isaac Newton,,-1.0,Male,
Calle Thomas Alva Edison,Thomas Alva Edison,,-0.99,Male,
Calle Benjamín Franklin,Benjamín Franklin,,-0.5,Male,
Calle Timoteo Mariaca,Timoteo Mariaca,,-0.49,Male,
Calle E. Halley,E. Halley,,0.29,Male,
Calle José Agustín Palacios,José Agustín Palacios,,-0.3,Male,
Calle Eric Asplund,Eric Asplund,,-0.5,Male,
Calle R. Aparicio,R. Aparicio,,-0.52,Male,
Calle Leonardo da Vinci,Leonardo da Vinci,,-0.5,Male,
Calle Abel Rivas,Abel Rivas,,-0.99,Male,
Calle Leonardo Lanza,Leonardo Lanza,,-0.5,Male,
Calle Armando Torrico,Armando Torrico,,-0.5,Male,
Calle Juan Muñoz Reyes,Juan Muñoz Reyes,,-0.5,Male,
Calle Alexander Fleming,Alexander Fleming,,-0.49,Male,
Calle Claudio Calderón Mendoza,Claudio Calderón Mendoza,,-0.5,Male,
Calle Johannes Gutenberg,Johannes Gutenberg,,-0.5,Male,
Calle Max Von Laue,Max Von Laue,,-0.5,Male,
Calle Antenor Vasquez,Antenor Vasquez,,-0.5,Male,
Calle Ernst Mach,Ernst Mach,,-1.0,Male,
Calle C. Bravo,C. Bravo,,-0.58,Male,
Calle Luis Crespo,Luis Crespo,,-0.5,Male,
Calle Ciro Bayo,Ciro Bayo,,-0.99,Male,
Calle Henry Bolland,Henry Bolland,,-0.99,Male,
Calle Jose Maria Bozo,Jose Maria Bozo,,-0.37,Male,
Calle Juan Ondarza Lara,Juan Ondarza Lara,,-0.49,Male,
Calle Luis Ibañez Velasco,Luis Ibañez Velasco,,-0.5,Male,
Calle Andrés Manuel del Rio,Andrés Manuel Rio,,-0.5,Male,
Calle Enrico Fermi,Enrico Fermi,,-0.5,Male,
Calle Andre Bresson,Andre Bresson,,-0.5,Male,
Calle Arthur Ponsnanski,Arthur Ponsnanski,,-0.99,Male,
Calle Walter Ceballos Tovar,Walter Ceballos Tovar,,-0.49,Male,
Calle Gabriel Lippmann,Gabriel Lippmann,,-0.49,Male,
Calle Marie Curie,Marie Curie,,0.99,Female,https://es.wikipedia.org/wiki/Marie_Curie
Calle Michel Faraday,Michel Faraday,,-0.5,Male,
Calle Alfred Adler,Alfred Adler,,-0.99,Male,
Calle Luis Agustín Cauchy,Luis Agustín Cauchy,,-0.5,Male,
Calle Arq. Max Franz Carre,Arq. Max Franz Carre,,-0.5,Male,
Calle Grover Suarez,Grover Suarez,,-0.99,Male,
Calle Jean A. Vellard,Jean A. Vellard,,-0.7,Male,
Calle José Stephenson,José Stephenson,,-0.3,Male,
Calle Carlos Diez de Medina,Carlos Diez Medina,,-0.5,Male,
Calle Manuel Liendo,Manuel Liendo,,-0.5,Male,
Calle Claudio Tolomeo,Claudio Tolomeo,,-0.5,Male,
Calle Antonio Villavicencio,Antonio Villavicencio,,-0.5,Male,
Calle Zoilo Linares,Zoilo Linares,,-0.99,Male,
Avenida Melchor Pérez de Olguín,Melchor Pérez Olguín,,-0.5,Male,
Calle Aniceto Alba,Aniceto Alba,,0.54,Male,
Avenida Regimiento Cnl. Marzana,Regimiento Cnl. Marzana,,1.0,Male,
Calle Ezequiel,Ezequiel,,-1.0,Male,
Calle De Los Olmos,De Los Olmos,,-0.46,Male,
Calle Osorio,Osorio,,-0.94,Male,
Calle Euclides,Euclides,,-0.5,Male,
Calle Marks Portugal,Marks Portugal,,-0.5,Male,
Calle Jose del Castillo,Jose Castillo,,-0.49,Male,
Calle Rene Descartes,Rene Descartes,,-0.5,Male,
Calle Tales de Mileto,Tales Mileto,,-0.5,Male,
Calle Monseñor Pierini,Monseñor Pierini,,-0.5,Male,
Calle Rev. P. Raymundo Herman,Rev. P. Raymundo Herman,,-0.28,Male,
Avenida Cornelio Saavedra,Cornelio Saavedra,,-0.5,Male,
Calle Plaza Mariscal Brown,Plaza Mariscal Brown,,-1.0,Male,
Calle Monseñor J. Garret Delgado,Monseñor J. Garret Delgado,,-0.29,Male,
Calle Monseñor J. Maria Montenegro,Monseñor J. Maria Montenegro,,0.98,Male,
Calle Gaspar Miguel de Berrios,Gaspar Miguel Berrios,,-0.5,Male,
Calle Cecilio Guzmán de Rojas,Cecilio Guzmán Rojas,,-0.5,Male,
Calle Antonio Vivaldi,Antonio Vivaldi,,-0.5,Male,
Calle Teófilo Vargas,Teófilo Vargas,,-0.5,Male,
Calle Marcelo Quiroga,Marcelo Quiroga,,-0.5,Male,
Calle Antonio Quiroga,Antonio Quiroga,,-0.5,Male,
Calle Gillermina Martinez,Gillermina Martinez,,-0.49,Male,
Avenida Elías Meneses,Elías Meneses,,-0.5,Male,
Calle Saavedra,Saavedra,,-0.5,Male,
Avenida Blanco Galindo,Blanco Galindo,,-0.45,Male,
Calle Tomás Frías,Tomás Frías,,-1.0,Male,
Avenida Carlos Peña,Carlos Peña,,-0.99,Male,
Calle José Zambrana,José Zambrana,,-0.3,Male,
Calle Los Rosales,Los Rosales,,-0.99,Male,
Calle Señor de Piñami,Señor Piñami,,-0.5,Male,
Calle C. Uncia,C. Uncia,,-0.26,Male,
Calle Tiburcio Meneses,Tiburcio Meneses,,-0.5,Male,
Avenida Pata Calle,Pata Calle,,0.45,Male,
Calle Paulino Montecinos,Paulino Montecinos,,-0.5,Male,
Avenida Agapito Gamboa,Agapito Gamboa,,-0.5,Male,
Calle Francisco Rivero,Francisco Rivero,,-0.5,Male,
Calle Cleomedes Blanco,Cleomedes Blanco,,-0.45,Male,
Calle Nataniel Aguirre,Nataniel Aguirre,,-0.5,Male,
Pasaje Samuel Villarroel,Pasaje Samuel rroel,,-0.5,Male,
Calle Jesús Lara,Jesús Lara,,0.54,Male,
Calle Gonzales Vasquez,Gonzales Vasquez,,-0.45,Male,
Calle Alejo Calatayud,Alejo Calatayud,,-0.5,Male,
Calle Daniel Campos,Daniel Campos,,-0.5,Male,
Avenida Gualberto Villarroel,Gualberto Villarroel,,-0.99,Male,
Calle Pablo Jaimes,Pablo Jaimes,,-1.0,Male,
Avenida José Aras Rampell,José Aras Rampell,,-0.3,Male,
Calle Toribio Torrico,Toribio Torrico,,-0.99,Male,
Calle Julio Rodriguez,Julio Rodriguez,,-0.5,Male,
Calle Francisco del Rivero,Francisco Rivero,,-0.5,Male,
Calle San Miguel,San Miguel,,-0.5,Male,
Calle Daniel Salamanca,Daniel Salamanca,,-0.5,Male,
Calle Luis Espinal,Luis Espinal,,-0.5,Male,
Calle Ciudad del Niño,Ciudad Niño,,-1.0,Male,
Calle Bilbao Rioja,Bilbao Rioja,,1.0,Male,
Calle Los Fresnos Sud,Los Fresnos Sud,,-0.5,Male,
Avenida Santa Cruz,Santa Cruz,,-0.44,Male,
Avenida Benjo Cruz,Benjo Cruz,,-0.59,Male,
Calle Raymundo Phillips,Raymundo Phillips,,-0.5,Male,
Avenida Gerónimo de Osorio,Gerónimo Osorio,,-1.0,Male,
Calle Pedro D. Murillo,Pedro D. Murillo,,-0.5,Male,
Calle Mariano Antezana,Mariano Antezana,,-0.5,Male,
Calle J. Miguel Lanza,J. Miguel Lanza,,-0.97,Male,
Calle Moto Mendez,Moto Mendez,,0.67,Male,
Calle Sebastián Pagador,Sebastián Pagador,,-1.0,Male,
Calle Julián Apaza,Julián Apaza,,-0.5,Male,
Calle Nestor Bustillos,Nestor Bustillos,,-0.99,Male,
Calle Felix del Grando,Felix Grando,,-0.99,Male,
Calle José Manuel Ferreyra,José Manuel Ferreyra,,-0.45,Male,
Calle Julio Romano,Julio Romano,,-0.5,Male,
Calle Simón I. Patiño,Simón I. Patiño,,-0.44,Male,
Calle Noel Kempf Mercado,Noel Kempf Mercado,,-0.81,Male,
Avenida Franz Tamayo,Franz Tamayo,,-0.5,Male,
Calle Nicolás Copérnico,Nicolás Copérnico,,-0.5,Male,
Avenida Tadeo Haenke,Tadeo Haenke,,-1.0,Male,
Calle Humberto Vasquez,Humberto Vasquez,,-0.5,Male,
Calle Nestor Taboada,Nestor Taboada,,-0.49,Male,
Calle Renato Prada,Renato Prada,,-0.5,Male,
Calle Oscar Alfaro,Oscar Alfaro,,-1.0,Male,
Calle Jaimes Freyres,Jaimes Freyres,,-0.49,Male,
Calle Cardenal Richard James Cushing,Cardenal Richard James Cushing,,-0.99,Male,
Calle Benito Maria de Moxo,Benito Maria Moxo,,0.67,Male,
Calle Monseñor Fructuoso Mensia,Monseñor Fructuoso Mensia,,-0.5,Male,
Calle Monseñor Juan Tarsicio Senner,Monseñor Juan Tarsicio Senner,,-0.5,Male,
Calle Monseñor Juan Quiroz,Monseñor Juan Quiroz,,-0.5,Male,
Calle Doctor Pedro Nolasco Crespo,Doctor Pedro Nolasco Crespo,,-0.5,Male,
Calle Doctor F. Veitemillas,Doctor F. Veitemillas,,-0.88,Male,
Calle Doctor Jose Napoleón Medrano,Doctor Jose Napoleón Medrano,,-0.49,Male,
Calle Gaspar de Villarroel,Gaspar Villarroel,,-0.5,Male,
Calle Pedro José Cayetano de la Llosa,Pedro José Cayetano Llosa,,-0.5,Male,
Calle Doctor Enrique Condarco Sierra,Doctor Enrique Condarco Sierra,,-0.46,Male,
Calle Manuel Ángel Anaya,Manuel Ángel Anaya,,-0.5,Male,
Calle Doctor M. Montalvo,Doctor M. Montalvo,,-0.7,Male,
Calle Doctor Aniceto Solares,Doctor Aniceto Solares,,-1.0,Male,
Calle Doctor Luis Prado,Doctor Luis Prado,,-0.99,Male,
Calle Nicacio Gutierrez,Nicacio Gutierrez,,-0.99,Male,
Calle Hugo Almaraz,Hugo Almaraz,,-1.0,Male,
Calle Francisco de Goya,Francisco Goya,,-0.5,Male,
Avenida Simón Lopez,Simón Lopez,,-0.5,Male,
Calle Luis Ángel Aranda,Luis Ángel Aranda,,-0.5,Male,
Calle Nicolas Poussin,Nicolas Poussin,,-1.0,Male,
Calle Raúl G. Prada,Raúl G. Prada,,-0.49,Male,
Calle María Esther Ballivián,María Esther Ballivián,,1.0,Female,https://es.wikipedia.org/wiki/Mar%C3%ADa_Esther_Ballivi%C3%A1n
Calle María Nuñez del Prado,María Nuñez Prado,,1.0,Female,https://es.wikipedia.org/wiki/Marina_N%C3%BA%C3%B1ez_del_Prado
Calle Rembrandt,Rembrandt,,-0.5,Male,
Calle M. Esther Ballivián,M. Esther Ballivián,,0.87,Female,https://es.wikipedia.org/wiki/Mar%C3%ADa_Esther_Ballivi%C3%A1n
Calle Los Naranjos,Los Naranjos,,-0.99,Male,
Avenida Alfredo Araujo Q.,Alfredo Araujo Q.,,-1.0,Male,
Calle J.C. Benavente,J.C. Benavente,,-0.43,Male,
Calle Peter P. Rubens,Peter P. Rubens,,-0.99,Male,
Calle María Luisa Pacheco,María Luisa Pacheco,,1.0,Female,https://es.wikipedia.org/wiki/Mar%C3%ADa_Luisa_Pacheco
Calle René Meriles,René Meriles,,-0.49,Male,
Calle Francisco M. Veracini,Francisco M. Veracini,,-0.5,Male,
Calle Vincent Van Gogh,Vincent Van Gogh,,-0.5,Male,
Calle Luis Humberto Baya,Luis Humberto Baya,,-0.5,Male,
Calle Mayta Qhapajj,Mayta Qhapajj,,0.6,Male,
Calle El Greco,El Greco,,-0.39,Male,
Calle Roberto Bustillos,Roberto Bustillos,,-0.99,Male,
Calle Niceto Rodriguez,Niceto Rodriguez,,-1.0,Male,
Calle R. Bustillos,R. Bustillos,,-0.5,Male,
Calle Sayri Tupajj,Sayri Tupajj,,0.42,Male,
Calle Inka Roq'a,Inka Roq'a,,0.94,Male,
Calle Luis Toro Moreno,Luis Toro Moreno,,-0.5,Male,
Calle Joaquín Rodrigo,Joaquín Rodrigo,,-0.5,Male,
Calle Arturo Toscanini,Arturo Toscanini,,-1.0,Male,
Calle Modesta Sanjinez,Modesta Sanjinez,,0.5,Female,https://es.wikipedia.org/wiki/Modesta_Sangin%C3%A9s_Uriarte
Calle Manuel de Falla,Manuel Falla,,-0.5,Male,
Calle Vicenzo Bellini,Vicenzo Bellini,,-1.0,Male,
Calle Pedro Toranzo,Pedro Toranzo,,-0.5,Male,
Calle Adolfo Ballivián,Adolfo Ballivián,,-1.0,Male,
Calle Miguel Angel Valda,Miguel Angel Valda,,-0.96,Male,
Calle Luis H. Berlios,Luis H. Berlios,,-0.5,Male,
Calle Nicolás Paganini,Nicolás Paganini,,-0.5,Male,
Calle Nicasio Gutierrez,Nicasio Gutierrez,,-1.0,Male,
Calle Ludwig van Beethoven,Ludwig van Beethoven,,-0.49,Male,
Calle Eduardo Calderón,Eduardo Calderón,,-1.0,Male,
Calle Genaro Ibañez,Genaro Ibañez,,-0.5,Male,
Calle Jacopo Tintoretto,Jacopo Tintoretto,,-1.0,Male,
Calle Gil Coimbra,Gil Coimbra,,-0.49,Male,
Calle Emiliano Luján,Emiliano Luján,,-0.5,Male,
Calle Daniel Peña Sarmiento,Daniel Peña Sarmiento,,-0.5,Male,
Calle Luca Marenzio,Luca Marenzio,,-0.46,Male,
Calle Paul Gauguin,Paul Gauguin,,-0.5,Male,
Calle Antonio Sotomayor,Antonio Sotomayor,,-0.5,Male,
Calle Emilio Amoretti,Emilio Amoretti,,-0.5,Male,
Calle Miguel Ángel Corminola,Miguel Ángel Corminola,,-1.0,Male,
Calle David Crespo,David Crespo,,-1.0,Male,
Calle Baldomero Rodrigo,Baldomero Rodrigo,,-0.5,Male,
Calle Adolfo Salazar,Adolfo Salazar,,-1.0,Male,
Calle Ana Pavlova,Ana Pavlova,,1.0,Female,
Calle Francisco Gonzales,Francisco Gonzales,,-0.5,Male,
Calle José Díaz Gainza,José Díaz Gainza,,-0.3,Male,
Calle J. Brahms,J. Brahms,,-0.42,Male,
Calle Monteverdi,Monteverdi,,-0.5,Male,
Calle Susano Azogue,Susano Azogue,,-0.48,Male,
Calle Johann Sebastian Bach,Johann Sebastian Bach,,-0.48,Male,
Calle E. Caruso,E. Caruso,,-0.29,Male,
Calle F. Martin,F. Martin,,-0.98,Male,
Calle Andrés Corsino Ferrufino,Andrés Corsino Ferrufino,,-0.5,Male,
Calle Chopin,Chopin,,-0.5,Male,
Calle Eduardo Berdecio,Eduardo Berdecio,,-1.0,Male,
Calle José Lavadenz Inchauste,José Lavadenz Inchauste,,-0.3,Male,
Calle Antonio Ibañez,Antonio Ibañez,,-0.5,Male,
Calle Manuel Rigoberto Paredes,Manuel Rigoberto Paredes,,-0.5,Male,
Calle Alfred Nobel,Alfred Nobel,,-0.99,Male,
Calle Albert Einstein,Albert Einstein,,-1.0,Male,
Calle Oscar Dorado Vásquez,Oscar Dorado Vásquez,,-1.0,Male,
Calle Charles Darwin,Charles Darwin,,-1.0,Male,
Calle Galileo Galilei,Galileo Galilei,,-0.5,Male,
Calle Blaise Pascal,Blaise Pascal,,-1.0,Male,
Calle Monseñor Juan de Dios Bosque,Monseñor Juan Dios Bosque,,-0.5,Male,
Calle Alejandro Volta,Alejandro Volta,,-1.0,Male,
Avenida Juan Pablo II,Juan Pablo II,,-0.99,Male,
Calle Samuel Morse,Samuel Morse,,-0.5,Male,
Calle Henry Ford,Henry Ford,,-0.49,Male,
Calle Primo Arrieta,Primo Arrieta,,-0.5,Male,
Calle Delfín Córdova,Delfín Córdova,,-0.5,Male,
Calle Juan Postigo Jaldín,Juan Postigo Jaldín,,-0.99,Male,
Calle Juan Claure,Juan Claure,,-0.99,Male,
Calle Jorge Ugaeta,Jorge Ugaeta,,-0.5,Male,
Calle Luis Montaño Milán,Luis Montaño Milán,,-0.5,Male,
Calle Diógenes Lara,Diógenes Lara,,1.0,Female,
Calle Luis Zegarra,Luis Zegarra,,-0.5,Male,
Calle Isaac Aranibar,Isaac Aranibar,,-0.5,Male,
Calle Sebastián Solis,Sebastián Solis,,-1.0,Male,
Calle Cayetano Agramont,Cayetano Agramont,,-0.5,Male,
Calle Luis Sagredo,Luis Sagredo,,-0.5,Male,
Calle Monseñor Francisco Cano Galvarro,Monseñor Francisco Cano Galvarro,,-0.5,Male,
Calle Antonio de Aguilera,Antonio Aguilera,,-0.5,Male,
Calle Rvdo. Luis Espinal,Rvdo. Luis Espinal,,-0.5,Male,
Calle Miguel de los Santos Taborga,Miguel Santos Taborga,,-0.99,Male,
Calle Andrés S. Muñoz,Andrés S. Muñoz,,-0.42,Male,
Calle Melchor de los Reyes,Melchor Reyes,,-0.42,Male,
Calle Bernardino de Cárdenas,Bernardino Cárdenas,,-0.5,Male,
Calle Monseñor José Gabriel Alcocer,Monseñor José Gabriel Alcocer,,-0.43,Male,
Calle Bernardino de Almanza,Bernardino Almanza,,-0.5,Male,
Calle Monseñor Juan de la Cruz Cisneros,Monseñor Juan Cruz Cisneros,,-0.5,Male,
Calle Monseñor José Calixto Orihuela,Monseñor José Calixto Orihuela,,-0.3,Male,
Calle Monseñor Cristobal Jimenez,Monseñor Cristobal Jimenez,,-0.5,Male,
Calle Monseñor Ismael Rivas,Monseñor Ismael Rivas,,-0.5,Male,
Calle Maurice Lefevre,Maurice Lefevre,,-0.49,Male,
Calle Jose de Aguilar,Jose Aguilar,,-0.49,Male,
Calle Monseñor Matías Terrazas,Monseñor Matías Terrazas,,-0.5,Male,
Calle Rafael Angel Torrico Montaño,Rafael Angel Torrico Montaño,,-0.47,Male,
Calle Carlos Felipe Beltrán,Carlos Felipe Beltrán,,-0.99,Male,
Calle Belisario Díaz Romero,Belisario Díaz Romero,,-0.5,Male,
Calle Hugo Weddell,Hugo Weddell,,-1.0,Male,
Calle Monseñor Daniel Rivero,Monseñor Daniel Rivero,,-0.5,Male,
Calle Ernesto O. Ruck,Ernesto O. Ruck,,-0.5,Male,
Calle Gunnar Mendoza,Gunnar Mendoza,,-0.48,Male,
Calle Martín Cárdenas,Martín Cárdenas,,-0.5,Male,
Calle Ivan Bluske,Ivan Bluske,,-1.0,Male,
Calle Moisés Monroy,Moisés Monroy,,-0.5,Male,
Calle Ignacio Sanjinez,Ignacio Sanjinez,,-1.0,Male,
Calle José Salmón,José Salmón,,-0.3,Male,
Calle Capitán Victor Ugarte,Capitán Victor Ugarte,,-0.5,Male,
Calle Alberto de Achá Figueroa,Alberto Achá Figueroa,,-1.0,Male,
Calle Rafael Mendez,Rafael Mendez,,-0.5,Male,
Avenida Juan de la Rosa,Juan Rosa,,0.28,Male,
Calle Doctor Ismael Céspedes,Doctor Ismael Céspedes,,-0.5,Male,
Calle Miguel Suárez A.,Miguel Suárez A.,,-1.0,Male,
Calle Humberto Iporre,Humberto Iporre,,-0.5,Male,
Calle Antonio Vaca Díez,Antonio Vaca Díez,,-0.5,Male,
Calle Nicolás Ortiz,Nicolás Ortiz,,-0.5,Male,
Calle Victor Mercier,Victor Mercier,,-0.99,Male,
Calle José Gonzales,José Gonzales,,-1.0,Male,
Calle Antonio Gonzales,Antonio Gonzales,,-0.5,Male,
Calle Gilberto Rojas,Gilberto Rojas,,-1.0,Male,
Calle Adrian Patiño,Adrian Patiño,,-0.47,Male,
Calle Mauro Nuñez,Mauro Nuñez,,-0.5,Male,
Calle Qara Qara,Qara Qara,,-0.5,Male,
Calle Manuel Rodriguez,Manuel Rodriguez,,-0.5,Male,
Calle Juan Pinto,Juan Pinto,,-0.99,Male,
Calle Jules Crevaux,Jules Crevaux,,-0.49,Male,
Calle James Orton,James Orton,,-0.99,Male,
Avenida H. Ronald Veizaga,H. Ronald Veizaga,,-0.49,Male,
Avenida Simón Bolivar,Simón Bolivar,,-0.5,Male,
Avenida Simón Bolívar,Simón Bolívar,,-0.5,Male,
Avenida Mariscal de Ayacucho,Mariscal Ayacucho,,-0.5,Male,
Avenida Martín Cárdena,Martín Cárdena,,-0.5,Male,
Calle José Reyes Morales,José Reyes Morales,,-0.62,Male,
Calle Manuel Villarroel Arnez,Manuel Villarroel Arnez,,-0.5,Male,
Calle Gabriel Arze Quirga,Gabriel Arze Quirga,,-0.49,Male,
Calle Yawar Waqajj,Yawar Waqajj,,-1.0,Male,
Calle Manqo Inka,Manqo Inka,,0.94,Male,
Calle Miguel Achata,Miguel Achata,,-1.0,Male,
Calle Víctor Cuevas Pavón,Víctor Cuevas Pavón,,-0.5,Male,
Calle Pablo Casals,Pablo Casals,,-1.0,Male,
Calle Rigoberto Sainz,Rigoberto Sainz,,-1.0,Male,