calle;calleClean;name;surname;fiabilidad;gender;wikipedia;Revisado;;;;;;;;;;;;;;;;;;
Carrer Mare Teresa de Calcuta;Mare Teresa Calcuta;Mare;Teresa;2;Female;https://es.wikipedia.org/wiki/Teresa_de_Calcuta;VERDADERO;;;;;;;;;;;;;;;;;;
Carrer Joan Miró;Joan Miró;Joan;Miró;2;Male;https://es.wikipedia.org/wiki/Joan_Miró;VERDADERO;;;;;;;;;;;;;;;;;;
Carrer Miquela;Miquela;Miquela;;2;Female;;VERDADERO;;;;;;;;;;;;;;;;;;
Avinguda Assumpta;Assumpta;Assumpta;;2;Female;;VERDADERO;;;;;;;;;;;;;;;;;;
Carrer Constància;Constància;Constància;;2;Female;;VERDADERO;;;;;;;;;;;;;;;;;;
Carrer de Pau Casals;Pau Casals;Pau;Casals;2;Male;;VERDADERO;;;;;;;;;;;;;;;;;;
Carrer Joan Vilanova;Joan Vilanova;Joan;Vilanova;2;Male;;VERDADERO;;;;;;;;;;;;;;;;;;
Carrer Concòrdia;Concòrdia;Concòrdia;;2;Female;;VERDADERO;;;;;;;;;;;;;;;;;;
Carrer de Santa Afra;Santa Afra;Santa;Afra;2;Female;https://en.wikipedia.org/wiki/Saint_Afra;VERDADERO;;;;;;;;;;;;;;;;;;
Plaça Joan Maragall;Joan Maragall;Joan;Maragall;2;Male;;VERDADERO;;;;;;;;;;;;;;;;;;
Carrer Santa Anna;Santa Anna;Santa;Anna;2;Female;https://es.wikipedia.org/wiki/Ana_(madre_de_María);VERDADERO;;;;;;;;;;;;;;;;;;
Passeig Sant Joan;Sant Joan;Sant;Joan;2;Male;;VERDADERO;;;;;;;;;;;;;;;;;;
Carrer de Santa Magdalena;Santa Magdalena;Santa;Magdalena;2;Female;https://es.wikipedia.org/wiki/María_Magdalena;VERDADERO;;;;;;;;;;;;;;;;;;
Carrer de Willy Brandt;Willy Brandt;Willy;Brandt;2;Male;;VERDADERO;;;;;;;;;;;;;;;;;;
Carrer Mercé Rodoreda;Mercé Rodoreda;Mercé;Rodoreda;2;Female;https://es.wikipedia.org/wiki/Merc%C3%A8_Rodoreda;VERDADERO;;;;;;;;;;;;;;;;;;
Carrer Caterina Albert;Caterina Albert;Caterina;Albert;2;Female;https://es.wikipedia.org/wiki/Caterina_Albert;VERDADERO;;;;;;;;;;;;;;;;;;
Carrer de Marie Curie;Marie Curie;Marie;Curie;2;Female;https://es.wikiquote.org/wiki/Marie_Curie;VERDADERO;;;;;;;;;;;;;;;;;;
Carrer de Francesca Bonnemaison i Farriols;Francesca Bonnemaison i Farriols;Francesca;Bonnemaison;2;Female;https://es.wikipedia.org/wiki/Francisca_Bonnemaison;VERDADERO;;;;;;;;;;;;;;;;;;
Rotonda de Marie Curie;Marie Curie;Marie;Curie;2;Female;https://es.wikiquote.org/wiki/Marie_Curie;VERDADERO;;;;;;;;;;;;;;;;;;
Carrer de Joan Torró i Cabratosa;Joan Torró i Cabratosa;Joan;Torró;2;Male;;VERDADERO;;;;;;;;;;;;;;;;;;
Carrer Margarida Xirgu;Margarida Xirgu;Margarida;Xirgu;2;Female;https://es.wikipedia.org/wiki/Margarita_Xirgu;VERDADERO;;;;;;;;;;;;;;;;;;
Carrer Montserrat Roig;Montserrat Roig;Montserrat;Roig;2;Female;https://es.wikipedia.org/wiki/Montserrat_Roig;VERDADERO;;;;;;;;;;;;;;;;;;
Carrer Joan Maragall;Joan Maragall;Joan;Maragall;2;Male;;VERDADERO;;;;;;;;;;;;;;;;;;
Carrer Maria Aurèlia Capmany;Maria Aurèlia Capmany;Maria;Aurèlia;2;Female;https://es.wikipedia.org/wiki/Maria_Aur%C3%A8lia_Capmany;VERDADERO;;;;;;;;;;;;;;;;;;
Carrer Maria Àngels Anglada;Maria Àngels Anglada;Maria;Àngels;2;Female;https://es.wikipedia.org/wiki/Maria_%C3%80ngels_Anglada;VERDADERO;;;;;;;;;;;;;;;;;;
Carrer Mercé Roure;Mercé Roure;Mercé;Roure;2;Female;;VERDADERO;;;;;;;;;;;;;;;;;;
Carrer Pau Casals;Pau Casals;Pau;Casals;2;Male;;VERDADERO;;;;;;;;;;;;;;;;;;
Carrer de Marià Fortuny;Marià Fortuny;Marià;Fortuny;2;Male;;VERDADERO;;;;;;;;;;;;;;;;;;
Carrer de Nostra Senyora del Roser;Nostra Senyora Roser;Nostra;Senyora;2;Female;https://es.wikipedia.org/wiki/Virgen_del_Rosario;VERDADERO;;;;;;;;;;;;;;;;;;
Carrer de Nostra Senyora de Montserrat;Nostra Senyora de Montserrat;Nostra;Senyora;2;Female;https://es.wikipedia.org/wiki/Virgen_de_Montserrat;VERDADERO;;;;;;;;;;;;;;;;;;
Carrer de Joan Maragall;Joan Maragall;Joan;Maragall;2;Male;;VERDADERO;;;;;;;;;;;;;;;;;;
Carrer de Mercé Rodoreda;Mercé Rodoreda;Mercé;Rodoreda;2;Female;https://es.wikipedia.org/wiki/Merc%C3%A8_Rodoreda;VERDADERO;;;;;;;;;;;;;;;;;;
Carrer de Joan Amades i Gelats;Joan Amades i Gelats;Joan;Amades;2;Male;;VERDADERO;;;;;;;;;;;;;;;;;;
Carrer de Josepa Arnall i Juan;Josepa Arnall i Juan;Josepa;Arnall;2;Female;https://ca.wikipedia.org/wiki/Maria_Josepa_Arnall_i_Juan;VERDADERO;;;;;;;;;;;;;;;;;;
Carrer de Maria Aurèlia Capmany i Farnés;Maria Aurèlia Capmany i Farnés;Maria;Aurèlia;2;Female;https://es.wikipedia.org/wiki/Maria_Aur%C3%A8lia_Capmany;VERDADERO;;;;;;;;;;;;;;;;;;
Carrer d'Emili Grahit;Emili Grahit;Emili;Grahit;2;Male;https://ca.wikipedia.org/wiki/Emili_Grahit_i_Papell;VERDADERO;;;;;;;;;;;;;;;;;;
Carrer de Joan Alsina i Hurtós;Joan Alsina i Hurtós;Joan;Alsina;2;Male;;VERDADERO;;;;;;;;;;;;;;;;;;
Plaça de Celestina Vigneaux i Cibils;Celestina Vigneaux i Cibils;Celestina;Vigneaux;2;Female;https://es.wikipedia.org/wiki/Celestina_Vigneaux;VERDADERO;;;;;;;;;;;;;;;;;;
Carrer de Santa Maria;Santa Maria;Santa;Maria;2;Female;https://es.wikipedia.org/wiki/Mar%C3%ADa_(madre_de_Jes%C3%BAs);VERDADERO;;;;;;;;;;;;;;;;;;
Carrer d'Emília Xargay i Pagès;Emília Xargay i Pagès;Emília;Xargay;2;Female;https://ca.wikipedia.org/wiki/Em%C3%ADlia_Xargay_i_Pag%C3%A8s;VERDADERO;;;;;;;;;;;;;;;;;;
Carrer de Mercè Rodoreda;Mercè Rodoreda;Mercè;Rodoreda;2;Female;https://es.wikipedia.org/wiki/Merc%C3%A8_Rodoreda;VERDADERO;;;;;;;;;;;;;;;;;;
Carrer de Lola Anglada i Sarriera;Lola Anglada i Sarriera;Lola;Anglada;2;Female;https://es.wikipedia.org/wiki/Lola_Anglada;VERDADERO;;;;;;;;;;;;;;;;;;
Carrer de Frederica Montseny i Mañé;Frederica Montseny i Mañé;Frederica;Montseny;2;Female;https://es.wikiquote.org/wiki/Federica_Montseny;VERDADERO;;;;;;;;;;;;;;;;;;
Passatge de Maria Aurèlia Capmany i Farnés;Maria Aurèlia Capmany i Farnés;Maria;Aurèlia;2;Female;https://es.wikipedia.org/wiki/Maria_Aur%C3%A8lia_Capmany;VERDADERO;;;;;;;;;;;;;;;;;;
Carrer de Maria Assumpció Soler i Font;Maria Assumpció Soler i Font;Maria;Assumpció;2;Female;https://ca.wikipedia.org/wiki/Maria_Assumpci%C3%B3_Soler_i_Font;VERDADERO;;;;;;;;;;;;;;;;;;
Carrer de Joan Viñas i Bona;Joan Viñas i Bona;Joan;Viñas;2;Male;;VERDADERO;;;;;;;;;;;;;;;;;;
Rotonda d'Emili Grahit;Emili Grahit;Emili;Grahit;2;Male;;VERDADERO;;;;;;;;;;;;;;;;;;
Carrer de Ginesta Gubert;Ginesta Gubert;Ginesta;Gubert;2;Female;;VERDADERO;;;;;;;;;;;;;;;;;;
Carrer de Santa Margarida;Santa Margarida;Santa;Margarida;2;Female;;VERDADERO;;;;;;;;;;;;;;;;;;
Carrer del Doctor Joan Vilaplana;Doctor Joan Vilaplana;Doctor;Joan;2;Male;;VERDADERO;;;;;;;;;;;;;;;;;;
"Carrer Carme Rius ""doña Carme""";"Carme Rius ""doña Carme""";Carme;Rius;2;Female;;VERDADERO;;;;;;;;;;;;;;;;;;
Carrer Carme Rius;Carme Rius;Carme;Rius;2;Female;;VERDADERO;;;;;;;;;;;;;;;;;;
Carrer de Carme Rius;Carme Rius;Carme;Rius;2;Female;;VERDADERO;;;;;;;;;;;;;;;;;;
Carrer Joan Margarit i de Requesens;Joan Margarit i Requesens;Joan;Margarit;2;Male;;VERDADERO;;;;;;;;;;;;;;;;;;
Passatge Pau Casals;Pau Casals;Pau;Casals;2;Male;;VERDADERO;;;;;;;;;;;;;;;;;;
Carrer de Dolors Pastells Auber;Dolors Pastells Auber;Dolors;Pastells;2;Female;;VERDADERO;;;;;;;;;;;;;;;;;;
Carrer del Dalai Lama;Dalai Lama;Dalai;Lama;2;Male;;VERDADERO;;;;;;;;;;;;;;;;;;
Carrer de Sant Joan;Sant Joan;Sant;Joan;2;Male;;VERDADERO;;;;;;;;;;;;;;;;;;
Plaça Juli Garreta;Juli Garreta;Juli;Garreta;2;Male;;VERDADERO;;;;;;;;;;;;;;;;;;
Carrer de Joan Miró;Joan Miró;Joan;Miró;2;Male;;VERDADERO;;;;;;;;;;;;;;;;;;
Passatge d'Elisenda Montcada;Elisenda Montcada;Elisenda;Montcada;2;Female;https://es.wikipedia.org/wiki/Elisenda_de_Moncada;VERDADERO;;;;;;;;;;;;;;;;;;
Passatge d'Elisenda de Montcada;Elisenda Montcada;Elisenda;Montcada;2;Female;https://es.wikipedia.org/wiki/Elisenda_de_Moncada;VERDADERO;;;;;;;;;;;;;;;;;;
Carrer Roca Delpech;Roca Delpech;Roca;Delpech;2;Male;;VERDADERO;;;;;;;;;;;;;;;;;;
Carrer de Joan Salvat-Papasseit;Joan Salvat-Papasseit;Joan;Salvat-Papasseit;2;Male;;VERDADERO;;;;;;;;;;;;;;;;;;
"Carrer de Joan Oliver i Sallarès, ""Pere Quart""";"Joan Oliver i Sallarès, ""Pere Quart""";Joan;Oliver;2;Male;;VERDADERO;;;;;;;;;;;;;;;;;;
Carrer de Joan Miró i Ferrà;Joan Miró i Ferrà;Joan;Miró;2;Male;;VERDADERO;;;;;;;;;;;;;;;;;;
Carrer de Maria Àngels Anglada i d'Abadal;Maria Àngels Anglada i Abadal;Maria;Àngels;2;Female;https://es.wikipedia.org/wiki/Maria_%C3%80ngels_Anglada;VERDADERO;;;;;;;;;;;;;;;;;;
Carrer de Montserrat Roig;Montserrat Roig;Montserrat;Roig;2;Female;https://es.wikipedia.org/wiki/Montserrat_Roig;VERDADERO;;;;;;;;;;;;;;;;;;
Carrer de Joan Badia i Casañas;Joan Badia i Casañas;Joan;Badia;2;Male;;VERDADERO;;;;;;;;;;;;;;;;;;
Carrer de Damià Escuder i Lladó;Damià Escuder i Lladó;Damià;Escuder;2;Male;;VERDADERO;;;;;;;;;;;;;;;;;;
Carrer Joan de la Cierva;Joan Cierva;Joan;Cierva;2;Male;;VERDADERO;;;;;;;;;;;;;;;;;;
Plaça Pau Casals;Pau Casals;Pau;Casals;2;Male;;VERDADERO;;;;;;;;;;;;;;;;;;
Passeig Teresa Pons i Tomàs;Teresa Pons i Tomàs;Teresa;Pons;2;Female;;VERDADERO;;;;;;;;;;;;;;;;;;
Plaça Emili Pivernat;Emili Pivernat;Emili;Pivernat;2;Male;;VERDADERO;;;;;;;;;;;;;;;;;;
Travessia de Santa Eugènia;Travessia a Eugènia;Travessia;a;2;Female;https://es.wikipedia.org/wiki/Eugenia_(m%C3%A1rtir);VERDADERO;;;;;;;;;;;;;;;;;;
Carrer de Manel Viñas i Graugés;Manel Viñas i Graugés;Manel;Viñas;2;Male;;VERDADERO;;;;;;;;;;;;;;;;;;
Carrer de Santa Eugènia;Santa Eugènia;Santa;Eugènia;2;Female;https://es.wikipedia.org/wiki/Eugenia_(m%C3%A1rtir);VERDADERO;;;;;;;;;;;;;;;;;;
Passeig de Santa Eugènia;Santa Eugènia;Santa;Eugènia;2;Female;https://es.wikipedia.org/wiki/Eugenia_(m%C3%A1rtir);VERDADERO;;;;;;;;;;;;;;;;;;
Carrer de Caterina Albert (Victor Català);Caterina Albert (Victor Català);Caterina;Albert;2;Female;https://es.wikipedia.org/wiki/Caterina_Albert;VERDADERO;;;;;;;;;;;;;;;;;;
Carrer Mercè Marçal;Mercè Marçal;Mercè;Marçal;2;Female;https://es.wikipedia.org/wiki/Maria_Merc%C3%A8_Mar%C3%A7al;VERDADERO;;;;;;;;;;;;;;;;;;
Travessera de Sant Romà;Sant Romà;Sant;Romà;2;Male;;VERDADERO;;;;;;;;;;;;;;;;;;
Carrer Sant Romà;Sant Romà;Sant;Romà;2;Male;;VERDADERO;;;;;;;;;;;;;;;;;;
Carrer Maria Aurèlia Campany;Maria Aurèlia Campany;Maria;Aurèlia;2;Female;https://es.wikipedia.org/wiki/Maria_Aur%C3%A8lia_Capmany;VERDADERO;;;;;;;;;;;;;;;;;;
Carrer Rosa Leveroni;Rosa Leveroni;Rosa;Leveroni;2;Female;https://es.wikipedia.org/wiki/Rosa_Leveroni;VERDADERO;;;;;;;;;;;;;;;;;;
Carrer Pau Masó;Pau Masó;Pau;Masó;2;Male;;VERDADERO;;;;;;;;;;;;;;;;;;
Passeig de la Maria Rosa Puig Dalmau;Maria Rosa Puig Dalmau;Maria;Rosa;2;Female;;VERDADERO;;;;;;;;;;;;;;;;;;
Carrer de Joan Gaspar Roig i Jalpí;Joan Gaspar Roig i Jalpí;Joan;Gaspar;2;Male;;VERDADERO;;;;;;;;;;;;;;;;;;
Plaça de Leonor Joher Besalú;Leonor Joher Besalú;Leonor;Joher;2;Female;https://es.wikipedia.org/wiki/Leonor_Joher;VERDADERO;;;;;;;;;;;;;;;;;;
Carrer Mossèn Joan Pons;Mossèn Joan Pons;Mossèn;Joan;2;Male;;VERDADERO;;;;;;;;;;;;;;;;;;
Carrer de Joan Masó i Valentí;Joan Masó i Valentí;Joan;Masó;2;Male;;VERDADERO;;;;;;;;;;;;;;;;;;
Carrer de la Mare de Déu de la Salut;Mare Déu de la Salut;Mare;Déu;2;Female;;VERDADERO;;;;;;;;;;;;;;;;;;
Rotonda de Santa Eugènia;Santa Eugènia;Santa;Eugènia;2;Female;https://es.wikipedia.org/wiki/Eugenia_(m%C3%A1rtir);VERDADERO;;;;;;;;;;;;;;;;;;
Carrer de la Mare de Déu del Remei;Mare Déu Remei;Mare;Déu;2;Female;https://ca.wikipedia.org/wiki/Mare_de_D%C3%A9u_del_Remei;VERDADERO;;;;;;;;;;;;;;;;;;
Carrer de la Mare de Déu dels Àngels;Mare Déu Àngels;Mare;Déu;2;Female;https://ca.wikipedia.org/wiki/Mare_de_D%C3%A9u_dels_%C3%80ngels;VERDADERO;;;;;;;;;;;;;;;;;;
Plaça d'Isabel Vila i Pujol;Isabel Vila i Pujol;Isabel;Vila;2;Female;https://es.wikipedia.org/wiki/Isabel_Vil%C3%A0_i_Pujol;VERDADERO;;;;;;;;;;;;;;;;;;
Carrer de Matilde Alis i Clopés;Matilde Alis i Clopés;Matilde;Alis;2;Female;;VERDADERO;;;;;;;;;;;;;;;;;;
Carrer de Maria Castanyer i Figueras;Maria Castanyer i Figueras;Maria;Castanyer;2;Female;https://ca.wikipedia.org/wiki/Maria_Castanyer_i_Figueras;VERDADERO;;;;;;;;;;;;;;;;;;
Plaça de l'Assumpció;Assumpció;Assumpció;;2;Female;;VERDADERO;;;;;;;;;;;;;;;;;;
Carrer de la Mare de Déu del Mont;Mare Déu Mont;Mare;Déu;2;Female;https://ca.wikipedia.org/wiki/Mare_de_D%C3%A9u_del_Mont;VERDADERO;;;;;;;;;;;;;;;;;;
Carrer de la Mare de Déu de Fàtima;Mare Déu de Fàtima;Mare;Déu;2;Female;https://es.wikipedia.org/wiki/Virgen_de_F%C3%A1tima;VERDADERO;;;;;;;;;;;;;;;;;;
Carrer de la Mare de Déu de Rocacorba;Mare Déu de Rocacorba;Mare;Déu;2;Female;https://ca.wikipedia.org/wiki/Mare_de_D%C3%A9u_de_Rocacorba;VERDADERO;;;;;;;;;;;;;;;;;;
Carrer de la Mare de Déu del Collell;Mare Déu Collell;Mare;Déu;2;Female;;VERDADERO;;;;;;;;;;;;;;;;;;
Carrer de la Mare de Déu de Núria;Mare Déu de Núria;Mare;Déu;2;Female;https://ca.wikipedia.org/wiki/Mare_de_D%C3%A9u_de_N%C3%BAria;VERDADERO;;;;;;;;;;;;;;;;;;
Carrer Pau Vila;Pau Vila;Pau;Vila;2;Male;;VERDADERO;;;;;;;;;;;;;;;;;;
Carrer de Sant Julià;Sant Julià;Sant;Julià;2;Male;;VERDADERO;;;;;;;;;;;;;;;;;;
Carrer Margarida Casas i Tarres;Margarida Casas i Tarres;Margarida;Casas;2;Female;;VERDADERO;;;;;;;;;;;;;;;;;;
Carrer Joan Fuster i Ortells;Joan Fuster i Ortells;Joan;Fuster;2;Male;;VERDADERO;;;;;;;;;;;;;;;;;;
Carrer Juli Garreta;Juli Garreta;Juli;Garreta;2;Male;;VERDADERO;;;;;;;;;;;;;;;;;;
Plaça Emilia Xargai;Emilia Xargai;Emilia;Xargai;2;Female;https://ca.wikipedia.org/wiki/Em%C3%ADlia_Xargay_i_Pag%C3%A8s;VERDADERO;;;;;;;;;;;;;;;;;;
Carrer Joan Salvat Papasseit;Joan Salvat Papasseit;Joan;Salvat;2;Male;;VERDADERO;;;;;;;;;;;;;;;;;;
Carrer Sant Joan de les Fonts;Sant Joan Fonts;Sant;Joan;2;Male;;VERDADERO;;;;;;;;;;;;;;;;;;
Joan Farrer Torras i Hostafrench;Joan Farrer Torras i Hostafrench;Joan;Farrer;2;Male;;VERDADERO;;;;;;;;;;;;;;;;;;
Plaça de Maria Auxiliadora;Maria Auxiliadora;Maria;Auxiliadora;2;Female;https://es.wikipedia.org/wiki/Auxiliadora_Toledano;VERDADERO;;;;;;;;;;;;;;;;;;
Passeig de Sant Joan Bosco;Sant Joan Bosco;Sant;Joan;2;Male;;VERDADERO;;;;;;;;;;;;;;;;;;
Carrer de Carme Gubert;Carme Gubert;Carme;Gubert;2;Female;;VERDADERO;;;;;;;;;;;;;;;;;;
Carrer de Damià Estela i Molinet;Damià Estela i Molinet;Damià;Estela;2;Male;;VERDADERO;;;;;;;;;;;;;;;;;;
Carrer de Joan Josep Tharrats i Vidal;Joan Josep Tharrats i Vidal;Joan;Josep;2;Male;;VERDADERO;;;;;;;;;;;;;;;;;;
Carrer de Caterina Albert;Caterina Albert;Caterina;Albert;2;Female;https://es.wikipedia.org/wiki/Caterina_Albert;VERDADERO;;;;;;;;;;;;;;;;;;
Carrer de Santa Clara;Santa Clara;Santa;Clara;2;Female;;VERDADERO;;;;;;;;;;;;;;;;;;
Carrer d'Àngela Bivern i Puig;Àngela Bivern i Puig;Àngela;Bivern;2;Female;;VERDADERO;;;;;;;;;;;;;;;;;;
Carrer de Sant Pau;Sant Pau;Sant;Pau;2;Male;;VERDADERO;;;;;;;;;;;;;;;;;;
Placeta de Maria Laffitte Masjoan;Maria Laffitte Masjoan;Maria;Laffitte;2;Female;https://es.wikipedia.org/wiki/Mar%C3%ADa_Laffitte;VERDADERO;;;;;;;;;;;;;;;;;;
Carrer de Santa Llúcia;Santa Llúcia;Santa;Llúcia;2;Female;https://ca.wikipedia.org/wiki/Ll%C3%BAcia_de_Siracusa;VERDADERO;;;;;;;;;;;;;;;;;;
Carrer de Bonaventura Carreras i Peralta;Bonaventura Carreras i Peralta;Bonaventura;Carreras;2;Male;;VERDADERO;;;;;;;;;;;;;;;;;;
Passeig de la Reina Joana;Reina Joana;Reina;Joana;2;Female;https://es.wikipedia.org/wiki/Juana_I_de_Castilla;VERDADERO;;;;;;;;;;;;;;;;;;
Jardins de Joan Fuster i Ortells;Joan Fuster i Ortells;Joan;Fuster;2;Male;;VERDADERO;;;;;;;;;;;;;;;;;;
Carrer de Canonge Dorca;Canonge Dorca;Canonge;Dorca;2;Male;;VERDADERO;;;;;;;;;;;;;;;;;;
Carrer dels Impressors Oliva;Impressors Oliva;Impressors;Oliva;2;Male;;VERDADERO;;;;;;;;;;;;;;;;;;
Plaça de Joan Brossa;Joan Brossa;Joan;Brossa;2;Male;;VERDADERO;;;;;;;;;;;;;;;;;;
Plaça d'Poeta Marquina;Poeta Marquina;Poeta;Marquina;2;Male;;VERDADERO;;;;;;;;;;;;;;;;;;
Plaça del Poeta Marquina;Poeta Marquina;Poeta;Marquina;2;Male;;VERDADERO;;;;;;;;;;;;;;;;;;
Carrer d'Antònia Adroher i Pascual;Antònia Adroher i Pascual;Antònia;Adroher;2;Female;https://es.wikipedia.org/wiki/Ant%C3%B2nia_Adroher_Pascual;VERDADERO;;;;;;;;;;;;;;;;;;
Plaça de la Mare de Déu de Montserrat;Mare Déu de Montserrat;Mare;Déu;2;Female;https://ca.wikipedia.org/wiki/Mare_de_D%C3%A9u_de_Montserrat;VERDADERO;;;;;;;;;;;;;;;;;;
Carrer de la Mare de Déu del Pilar;Mare Déu Pilar;Mare;Déu;2;Female;https://ca.wikipedia.org/wiki/Mare_de_D%C3%A9u_del_Pilar;VERDADERO;;;;;;;;;;;;;;;;;;
Carrer de Manel Quer;Manel Quer;Manel;Quer;2;Male;;VERDADERO;;;;;;;;;;;;;;;;;;
Plaça de Santa Susanna;Santa Susanna;Santa;Susanna;2;Female;;VERDADERO;;;;;;;;;;;;;;;;;;
Passatge d'Emili Blanch i Roig;Emili Blanch i Roig;Emili;Blanch;2;Male;;VERDADERO;;;;;;;;;;;;;;;;;;
Passatge d'Aristides Maillol;Aristides Maillol;Aristides;Maillol;2;Male;;VERDADERO;;;;;;;;;;;;;;;;;;
Carrer dels Ginesta;Ginesta;Ginesta;;2;Male;;VERDADERO;;;;;;;;;;;;;;;;;;
Carrer de Juli Garreta;Juli Garreta;Juli;Garreta;2;Male;;VERDADERO;;;;;;;;;;;;;;;;;;
Placeta de Joana de Jugan;Joana de Jugan;Joana;de;2;Female;https://es.wikipedia.org/wiki/Juana_Jugan;VERDADERO;;;;;;;;;;;;;;;;;;
Carrer de Sant Joan Baptista de La Salle;Sant Joan Baptista de La Salle;Sant;Joan;2;Male;;VERDADERO;;;;;;;;;;;;;;;;;;
Carrer de Cardenal Margarit;Cardenal Margarit;Cardenal;Margarit;2;Male;;VERDADERO;;;;;;;;;;;;;;;;;;
Carrer de Joan Planas i Castañer;Joan Planas i Castañer;Joan;Planas;2;Male;;VERDADERO;;;;;;;;;;;;;;;;;;
Carrer de Manel Bonmatí i Romaguera;Manel Bonmatí i Romaguera;Manel;Bonmatí;2;Male;;VERDADERO;;;;;;;;;;;;;;;;;;
Passatge de Manel Bonmatí i Romaguera;Manel Bonmatí i Romaguera;Manel;Bonmatí;2;Male;;VERDADERO;;;;;;;;;;;;;;;;;;
Carrer de Joan Tarrús i Bru;Joan Tarrús i Bru;Joan;Tarrús;2;Male;;VERDADERO;;;;;;;;;;;;;;;;;;
Carrer de Pau Vila i Dinarès;Pau Vila i Dinarès;Pau;Vila;2;Male;;VERDADERO;;;;;;;;;;;;;;;;;;
Carrer de Joan Maria Pou i Camps;Joan Maria Pou i Camps;Joan;Maria;2;Male;;VERDADERO;;;;;;;;;;;;;;;;;;
Carrer de Joan Roca i Pinet;Joan Roca i Pinet;Joan;Roca;2;Male;;VERDADERO;;;;;;;;;;;;;;;;;;
Carrer del Cor de Maria;Cor Maria;Cor;Maria;2;Female;;VERDADERO;;;;;;;;;;;;;;;;;;
Carrer d'Antic Roca;Antic Roca;Antic;Roca;2;Male;https://ca.wikipedia.org/wiki/Antic_Roca;VERDADERO;;;;;;;;;;;;;;;;;;
Carrer de Joan Bruguera;Joan Bruguera;Joan;Bruguera;2;Male;;VERDADERO;;;;;;;;;;;;;;;;;;
Carrer de la Mare de Déu de Loreto;Mare Déu de Loreto;Mare;Déu;2;Female;https://es.wikipedia.org/wiki/Virgen_de_Loreto;VERDADERO;;;;;;;;;;;;;;;;;;
Carrer de Joan Reglà;Joan Reglà;Joan;Reglà;2;Male;;VERDADERO;;;;;;;;;;;;;;;;;;
Carrer de Joan Baptista Torroella i Bastons;Joan Baptista Torroella i Bastons;Joan;Baptista;2;Male;;VERDADERO;;;;;;;;;;;;;;;;;;
Pujada de la Mercè;Pujada  Mercè;Pujada;;2;Female;;VERDADERO;;;;;;;;;;;;;;;;;;
Carrer d'en Mora;en Mora;en;Mora;2;Male;;VERDADERO;;;;;;;;;;;;;;;;;;
Passatge de Maria Gay i Tibau;Maria Gay i Tibau;Maria;Gay;2;Female;https://es.wikipedia.org/wiki/Maria_Gay_i_Tibau;VERDADERO;;;;;;;;;;;;;;;;;;
Carrer del Carme;Carme;Carme;;2;Female;;VERDADERO;;;;;;;;;;;;;;;;;;
Carrer de Julià de Bolíbar;Julià de Bolíbar;Julià;de;2;Male;;VERDADERO;;;;;;;;;;;;;;;;;;
Carrer d'Isabel la Catòlica;Isabel la Catòlica;Isabel;la;2;Female;https://es.wikipedia.org/wiki/Isabel_I_de_Castilla;VERDADERO;;;;;;;;;;;;;;;;;;
Carrer de les Heroïnes de Santa Bàrbara;Heroïnes Santa Bàrbara;Heroïnes;Santa;2;Female;https://es.wikipedia.org/wiki/La_Compa%C3%B1%C3%ADa_de_Santa_B%C3%A1rbara;VERDADERO;;;;;;;;;;;;;;;;;;
Carrer de Julià de Chia;Julià de Chia;Julià;de;2;Male;;VERDADERO;;;;;;;;;;;;;;;;;;
Carrer de Joan Coromines i Vigneaux;Joan Coromines i Vigneaux;Joan;Coromines;2;Male;;VERDADERO;;;;;;;;;;;;;;;;;;
Carrer de Pau Miranda;Pau Miranda;Pau;Miranda;2;Male;;VERDADERO;;;;;;;;;;;;;;;;;;
Carrer de Carme Auguet i Comalada;Carme Auguet i Comalada;Carme;Auguet;2;Female;;VERDADERO;;;;;;;;;;;;;;;;;;
Carrer d'Aurora Bertrana i Salazar;Aurora Bertrana i Salazar;Aurora;Bertrana;2;Female;https://es.wikipedia.org/wiki/Aurora_Bertrana;VERDADERO;;;;;;;;;;;;;;;;;;
Carrer de Joan Alsina;Joan Alsina;Joan;Alsina;2;Male;;VERDADERO;;;;;;;;;;;;;;;;;;
Plaça Maria Mercè Marçal;Maria Mercè Marçal;Maria;Mercè;2;Female;https://es.wikipedia.org/wiki/Maria_Merc%C3%A8_Mar%C3%A7al;VERDADERO;;;;;;;;;;;;;;;;;;
Carrer Mary Santpere;Mary Santpere;Mary;Santpere;2;Female;https://es.wikipedia.org/wiki/Mary_Santpere;VERDADERO;;;;;;;;;;;;;;;;;;
Carrer Maria Cristina;Maria Cristina;Maria;Cristina;2;Female;;VERDADERO;;;;;;;;;;;;;;;;;;
Carrer Joan Fuster;Joan Fuster;Joan;Fuster;2;Male;;VERDADERO;;;;;;;;;;;;;;;;;;
Carrer Joan Brossa;Joan Brossa;Joan;Brossa;2;Male;;VERDADERO;;;;;;;;;;;;;;;;;;
Carrer Cristòfol Grober;Cristòfol Grober;Cristòfol;Grober;-2;Male;;VERDADERO;;;;;;;;;;;;;;;;;;
Carrer de Sant Sebastià;Sant Sebastià;Sant;Sebastià;-2;Male;;VERDADERO;;;;;;;;;;;;;;;;;;
Carrer Isaac Rabin;Isaac Rabin;Isaac;Rabin;-2;Male;;VERDADERO;;;;;;;;;;;;;;;;;;
Carrer Rafel Masó;Rafel Masó;Rafel;Masó;-2;Male;;VERDADERO;;;;;;;;;;;;;;;;;;
Avinguda de Sant Narcís;Sant Narcís;Sant;Narcís;-2;Male;;VERDADERO;;;;;;;;;;;;;;;;;;
Carrer Josep Pla;Josep Pla;Josep;Pla;-2;Male;;VERDADERO;;;;;;;;;;;;;;;;;;
Carrer Salvador Dalí;Salvador Dalí;Salvador;Dalí;-2;Male;;VERDADERO;;;;;;;;;;;;;;;;;;
Carrer de Lluís Companys;Lluís Companys;Lluís;Companys;-2;Male;;VERDADERO;;;;;;;;;;;;;;;;;;
Carrer de Comte Arnau;Comte Arnau;Comte;Arnau;-2;Male;;VERDADERO;;;;;;;;;;;;;;;;;;
Carrer Beat Dalmau Cendra;Beat Dalmau Cendra;Beat;Dalmau;-2;Male;;VERDADERO;;;;;;;;;;;;;;;;;;
Carrer del Doctor Sobrequés;Doctor Sobrequés;Doctor;Sobrequés;-2;Male;;VERDADERO;;;;;;;;;;;;;;;;;;
Carrer Beat Buch;Beat Buch;Beat;Buch;-2;Male;;VERDADERO;;;;;;;;;;;;;;;;;;
Carrer de Sant Antoni;Sant Antoni;Sant;Antoni;-2;Male;;VERDADERO;;;;;;;;;;;;;;;;;;
Carrer Sant Grau;Sant Grau;Sant;Grau;-2;Male;;VERDADERO;;;;;;;;;;;;;;;;;;
Carrer Compte Berenguer;Compte Berenguer;Compte;Berenguer;-2;Male;;VERDADERO;;;;;;;;;;;;;;;;;;
Carrer Doctor Angel Latorre;Doctor Angel Latorre;Doctor;Angel;-2;Male;;VERDADERO;;;;;;;;;;;;;;;;;;
Carrer Cardenal Vidal i Barraquer;Cardenal Vidal i Barraquer;Cardenal;Vidal;-2;Male;;VERDADERO;;;;;;;;;;;;;;;;;;
Carrer Salvador Espriu;Salvador Espriu;Salvador;Espriu;-2;Male;;VERDADERO;;;;;;;;;;;;;;;;;;
Carrer Sant Jordi;Sant Jordi;Sant;Jordi;-2;Male;;VERDADERO;;;;;;;;;;;;;;;;;;
Passeig del President Josep Irla;President Josep Irla;President;Josep;-2;Male;;VERDADERO;;;;;;;;;;;;;;;;;;
Carrer Sant Sebastià;Sant Sebastià;Sant;Sebastià;-2;Male;;VERDADERO;;;;;;;;;;;;;;;;;;
Carrer Mossèn Cinto Verdaguer;Mossèn Cinto Verdaguer;Mossèn;Cinto;-2;Male;;VERDADERO;;;;;;;;;;;;;;;;;;
Carrer Bernat Boades;Bernat Boades;Bernat;Boades;-2;Male;;VERDADERO;;;;;;;;;;;;;;;;;;
Carrer d'Arnald de Pedraforca;Arnald Pedraforca;Arnald;Pedraforca;-2;Male;;VERDADERO;;;;;;;;;;;;;;;;;;
Carrer Narcís Monturiol;Narcís Monturiol;Narcís;Monturiol;-2;Male;;VERDADERO;;;;;;;;;;;;;;;;;;
Carrer de Narcís Monturiol;Narcís Monturiol;Narcís;Monturiol;-2;Male;;VERDADERO;;;;;;;;;;;;;;;;;;
Carrer Guillem Granollers;Guillem Granollers;Guillem;Granollers;-2;Male;;VERDADERO;;;;;;;;;;;;;;;;;;
Carrer Josep Trueta;Josep Trueta;Josep;Trueta;-2;Male;;VERDADERO;;;;;;;;;;;;;;;;;;
Carrer Nelson Mandela;Nelson Mandela;Nelson;Mandela;-2;Male;;VERDADERO;;;;;;;;;;;;;;;;;;
Carrer Miquel Martí i Pol;Miquel Martí i Pol;Miquel;Martí;-2;Male;;VERDADERO;;;;;;;;;;;;;;;;;;
Carrer Santiago Rusiñol;Santiago Rusiñol;Santiago;Rusiñol;-2;Male;;VERDADERO;;;;;;;;;;;;;;;;;;
Carrer de Sant Josep;Sant Josep;Sant;Josep;-2;Male;;VERDADERO;;;;;;;;;;;;;;;;;;
Carrer d'Antoni Barnés i Gultresa;Antoni Barnés i Gultresa;Antoni;Barnés;-2;Male;;VERDADERO;;;;;;;;;;;;;;;;;;
Avinguda Lluis Companys;Lluis Companys;Lluis;Companys;-2;Male;;VERDADERO;;;;;;;;;;;;;;;;;;
Carrer Roger de Llúria;Roger Llúria;Roger;Llúria;-2;Male;;VERDADERO;;;;;;;;;;;;;;;;;;
Carrer Sant Roc;Sant Roc;Sant;Roc;-2;Male;;VERDADERO;;;;;;;;;;;;;;;;;;
Carrer de Jaume Pol i Perera;Jaume Pol i Perera;Jaume;Pol;-2;Male;;VERDADERO;;;;;;;;;;;;;;;;;;
Carrer Rafael Masó;Rafael Masó;Rafael;Masó;-2;Male;;VERDADERO;;;;;;;;;;;;;;;;;;
Carrer de George Stephenson;George Stephenson;George;Stephenson;-2;Male;;VERDADERO;;;;;;;;;;;;;;;;;;
Carrer de Manuel Cazurro i Ruiz;Manuel Cazurro i Ruiz;Manuel;Cazurro;-2;Male;;VERDADERO;;;;;;;;;;;;;;;;;;
Carrer d'Ovidi Montllor;Ovidi Montllor;Ovidi;Montllor;-2;Male;;VERDADERO;;;;;;;;;;;;;;;;;;
Carrer de Ricard Viladesau i Caner;Ricard Viladesau i Caner;Ricard;Viladesau;-2;Male;;VERDADERO;;;;;;;;;;;;;;;;;;
Carrer Jaume I;Jaume I;Jaume;I;-2;Male;;VERDADERO;;;;;;;;;;;;;;;;;;
Carrer Jacint Verdaguer;Jacint Verdaguer;Jacint;Verdaguer;-2;Male;;VERDADERO;;;;;;;;;;;;;;;;;;
Carrer Rafael Casanova;Rafael Casanova;Rafael;Casanova;-2;Male;;VERDADERO;;;;;;;;;;;;;;;;;;
Carrer Pere Martí;Pere Martí;Pere;Martí;-2;Male;;VERDADERO;;;;;;;;;;;;;;;;;;
Carrer Pompeu Fabra;Pompeu Fabra;Pompeu;Fabra;-2;Male;;VERDADERO;;;;;;;;;;;;;;;;;;
Carrer Josep Tarradelles;Josep Tarradelles;Josep;Tarradelles;-2;Male;;VERDADERO;;;;;;;;;;;;;;;;;;
Carrer Francesc Macià;Francesc Macià;Francesc;Macià;-2;Male;;VERDADERO;;;;;;;;;;;;;;;;;;
Carrer de Josep Irla;Josep Irla;Josep;Irla;-2;Male;;VERDADERO;;;;;;;;;;;;;;;;;;
Carrer Antoni Rovira i Virgili;Antoni Rovira i Virgili;Antoni;Rovira;-2;Male;;VERDADERO;;;;;;;;;;;;;;;;;;
Carrer Josep Puig i Cadafalch;Josep Puig i Cadafalch;Josep;Puig;-2;Male;;VERDADERO;;;;;;;;;;;;;;;;;;
Carrer Amadeu Vives;Amadeu Vives;Amadeu;Vives;-2;Male;;VERDADERO;;;;;;;;;;;;;;;;;;
Carrer Eugeni d'Ors;Eugeni Ors;Eugeni;Ors;-2;Male;;VERDADERO;;;;;;;;;;;;;;;;;;
Carrer d'Enric Prat de la Riba;Enric Prat Riba;Enric;Prat;-2;Male;;VERDADERO;;;;;;;;;;;;;;;;;;
Carrer Francesc Maciá;Francesc Maciá;Francesc;Maciá;-2;Male;;VERDADERO;;;;;;;;;;;;;;;;;;
Carrer Ramon Muntaner;Ramon Muntaner;Ramon;Muntaner;-2;Male;;VERDADERO;;;;;;;;;;;;;;;;;;
Passatge Ramon Muntaner;Ramon Muntaner;Ramon;Muntaner;-2;Male;;VERDADERO;;;;;;;;;;;;;;;;;;
Carrer Aureli Capmany;Aureli Capmany;Aureli;Capmany;-2;Male;;VERDADERO;;;;;;;;;;;;;;;;;;
Carrer Prudenci Bertrana;Prudenci Bertrana;Prudenci;Bertrana;-2;Male;;VERDADERO;;;;;;;;;;;;;;;;;;
Carrer Lluís Companys;Lluís Companys;Lluís;Companys;-2;Male;;VERDADERO;;;;;;;;;;;;;;;;;;
Carrer Antoni Gaudí;Antoni Gaudí;Antoni;Gaudí;-2;Male;;VERDADERO;;;;;;;;;;;;;;;;;;
Carrer Isaac Albéniz;Isaac Albéniz;Isaac;Albéniz;-2;Male;;VERDADERO;;;;;;;;;;;;;;;;;;
Carrer Pep Ventura;Pep Ventura;Pep;Ventura;-2;Male;;VERDADERO;;;;;;;;;;;;;;;;;;
Passeig Pep Ventura;Pep Ventura;Pep;Ventura;-2;Male;;VERDADERO;;;;;;;;;;;;;;;;;;
Carrer del Mossèn Cinto Verdaguer;Mossèn Cinto Verdaguer;Mossèn;Cinto;-2;Male;;VERDADERO;;;;;;;;;;;;;;;;;;
Carrer de Pompeu Fabra;Pompeu Fabra;Pompeu;Fabra;-2;Male;;VERDADERO;;;;;;;;;;;;;;;;;;
Carrer de Vicens Vives;Vicens Vives;Vicens;Vives;-2;Male;;VERDADERO;;;;;;;;;;;;;;;;;;
Passatge de Narcís Monturiol;Narcís Monturiol;Narcís;Monturiol;-2;Male;;VERDADERO;;;;;;;;;;;;;;;;;;
Carrer d'Isac Albéniz;Isac Albéniz;Isac;Albéniz;-2;Male;;VERDADERO;;;;;;;;;;;;;;;;;;
Carrer de Miquel Martí i Pol;Miquel Martí i Pol;Miquel;Martí;-2;Male;;VERDADERO;;;;;;;;;;;;;;;;;;
Carrer de Santiago Rusiñol;Santiago Rusiñol;Santiago;Rusiñol;-2;Male;;VERDADERO;;;;;;;;;;;;;;;;;;
Carrer d'Àngel Guimerà;Àngel Guimerà;Àngel;Guimerà;-2;Male;;VERDADERO;;;;;;;;;;;;;;;;;;
Carrer de Ramon Vayreda;Ramon Vayreda;Ramon;Vayreda;-2;Male;;VERDADERO;;;;;;;;;;;;;;;;;;
Plaça de Fra Ignasi Barnoya i Oms;Fra Ignasi Barnoya i Oms;Fra;Ignasi;-2;Male;;VERDADERO;;;;;;;;;;;;;;;;;;
Rotonda de Lluís Pericot;Lluís Pericot;Lluís;Pericot;-2;Male;;VERDADERO;;;;;;;;;;;;;;;;;;
Carrer de Josep Maria Corredor i Pomés;Josep Maria Corredor i Pomés;Josep;Maria;-2;Male;;VERDADERO;;;;;;;;;;;;;;;;;;
Carrer de Sant Aniol;Sant Aniol;Sant;Aniol;-2;Male;;VERDADERO;;;;;;;;;;;;;;;;;;
Carrer de Valentí Fargnoli;Valentí Fargnoli;Valentí;Fargnoli;-2;Male;;VERDADERO;;;;;;;;;;;;;;;;;;
Plaça de Valentí Fargnoli;Valentí Fargnoli;Valentí;Fargnoli;-2;Male;;VERDADERO;;;;;;;;;;;;;;;;;;
Carrer de Joaquim Riera i Bertran;Joaquim Riera i Bertran;Joaquim;Riera;-2;Male;;VERDADERO;;;;;;;;;;;;;;;;;;
Avinguda de Lluís Pericot;Lluís Pericot;Lluís;Pericot;-2;Male;;VERDADERO;;;;;;;;;;;;;;;;;;
Carrer de Josep Maria Pagès i Vicens;Josep Maria Pagès i Vicens;Josep;Maria;-2;Male;;VERDADERO;;;;;;;;;;;;;;;;;;
Carrer de Lluís Borrassà;Lluís Borrassà;Lluís;Borrassà;-2;Male;;VERDADERO;;;;;;;;;;;;;;;;;;
Carrer d'Antoni Canet;Antoni Canet;Antoni;Canet;-2;Male;;VERDADERO;;;;;;;;;;;;;;;;;;
Parc de Francesc Sabaté i Llopart;Francesc Sabaté i Llopart;Francesc;Sabaté;-2;Male;;VERDADERO;;;;;;;;;;;;;;;;;;
Carrer de Josep Canal i Roquet;Josep Canal i Roquet;Josep;Canal;-2;Male;;VERDADERO;;;;;;;;;;;;;;;;;;
Carrer de Gabriel Roura i Güibas;Gabriel Roura i Güibas;Gabriel;Roura;-2;Male;;VERDADERO;;;;;;;;;;;;;;;;;;
Carrer de Josep Aguilera i Martí;Josep Aguilera i Martí;Josep;Aguilera;-2;Male;;VERDADERO;;;;;;;;;;;;;;;;;;
Carrer de Pere Matas;Pere Matas;Pere;Matas;-2;Male;;VERDADERO;;;;;;;;;;;;;;;;;;
Carrer de Mossèn Ferran Forns i Navarro;Mossèn Ferran Forns i Navarro;Mossèn;Ferran;-2;Male;;VERDADERO;;;;;;;;;;;;;;;;;;
Carrer de Joaquim Maria Masramon i de Ventós;Joaquim Maria Masramon i de Ventós;Joaquim;Maria;-2;Male;;VERDADERO;;;;;;;;;;;;;;;;;;
Passeig de Josep Carner i Puig-Oriol;Josep Carner i Puig-Oriol;Josep;Carner;-2;Male;;VERDADERO;;;;;;;;;;;;;;;;;;
Carrer de Ricard Guinó i Boix;Ricard Guinó i Boix;Ricard;Guinó;-2;Male;;VERDADERO;;;;;;;;;;;;;;;;;;
Travessia de Josep Maria Corredor i Pomés;Josep Maria Corredor i Pomés;Josep;Maria;-2;Male;;VERDADERO;;;;;;;;;;;;;;;;;;
Carrer de Lluís Antoni Santaló i Sors;Lluís Antoni Santaló i Sors;Lluís;Antoni;-2;Male;;VERDADERO;;;;;;;;;;;;;;;;;;
Carrer de Francesc Romaguera;Francesc Romaguera;Francesc;Romaguera;-2;Male;;VERDADERO;;;;;;;;;;;;;;;;;;
Carrer de Sant Roc;Sant Roc;Sant;Roc;-2;Male;;VERDADERO;;;;;;;;;;;;;;;;;;
Carrer de Salvador Ferrer C. Maura;Salvador Ferrer C. Maura;Salvador;Ferrer;-2;Male;;VERDADERO;;;;;;;;;;;;;;;;;;
Carrer de Josep Maria Pons i Guri;Josep Maria Pons i Guri;Josep;Maria;-2;Male;;VERDADERO;;;;;;;;;;;;;;;;;;
Carrer de Santiago Coquard i Sala;Santiago Coquard i Sala;Santiago;Coquard;-2;Male;;VERDADERO;;;;;;;;;;;;;;;;;;
Carrer de l'Església de Sant Miquel;Església Sant Miquel;Església;Sant;-2;Male;;VERDADERO;;;;;;;;;;;;;;;;;;
Carrer de Rafael Masó;Rafael Masó;Rafael;Masó;-2;Male;;VERDADERO;;;;;;;;;;;;;;;;;;
Carrer de Joaquim Ruyra;Joaquim Ruyra;Joaquim;Ruyra;-2;Male;;VERDADERO;;;;;;;;;;;;;;;;;;
Passatge Lluís Companys;Lluís Companys;Lluís;Companys;-2;Male;;VERDADERO;;;;;;;;;;;;;;;;;;
Plaça Antoni Gaudí;Antoni Gaudí;Antoni;Gaudí;-2;Male;;VERDADERO;;;;;;;;;;;;;;;;;;
Travessia Lluís Companys;Lluís Companys;Lluís;Companys;-2;Male;;VERDADERO;;;;;;;;;;;;;;;;;;
Carrer Josep Maria Vila;Josep Maria Vila;Josep;Maria;-2;Male;;VERDADERO;;;;;;;;;;;;;;;;;;
Plaça de Lluís Companys;Lluís Companys;Lluís;Companys;-2;Male;;VERDADERO;;;;;;;;;;;;;;;;;;
Carrer d'Antoni Gaudí;Antoni Gaudí;Antoni;Gaudí;-2;Male;;VERDADERO;;;;;;;;;;;;;;;;;;
Plaça Francesc Macià;Francesc Macià;Francesc;Macià;-2;Male;;VERDADERO;;;;;;;;;;;;;;;;;;
Carrer de Guillem Galzeran de Cartellà;Guillem Galzeran de Cartellà;Guillem;Galzeran;-2;Male;;VERDADERO;;;;;;;;;;;;;;;;;;
Carrer Pere II el Gran;Pere II el Gran;Pere;II;-2;Male;;VERDADERO;;;;;;;;;;;;;;;;;;
Carrer de Francesc Verntallat;Francesc Verntallat;Francesc;Verntallat;-2;Male;;VERDADERO;;;;;;;;;;;;;;;;;;
Plaça de Miquel Martí i Pol;Miquel Martí i Pol;Miquel;Martí;-2;Male;;VERDADERO;;;;;;;;;;;;;;;;;;
Carrer de Pere Joan Sala;Pere Joan Sala;Pere;Joan;-2;Male;;VERDADERO;;;;;;;;;;;;;;;;;;
Carrer Sant Pere;Sant Pere;Sant;Pere;-2;Male;;VERDADERO;;;;;;;;;;;;;;;;;;
Camí de Sant Medir;Sant Medir;Sant;Medir;-2;Male;;VERDADERO;;;;;;;;;;;;;;;;;;
Carrer Paulí Torras;Paulí Torras;Paulí;Torras;-2;Male;;VERDADERO;;;;;;;;;;;;;;;;;;
Carrer Isac Rabin;Isac Rabin;Isac;Rabin;-2;Male;;VERDADERO;;;;;;;;;;;;;;;;;;
Carrer Martin Luther King;Martin Luther King;Martin;Luther;-2;Male;;VERDADERO;;;;;;;;;;;;;;;;;;
Carrer Lluís Moreno;Lluís Moreno;Lluís;Moreno;-2;Male;;VERDADERO;;;;;;;;;;;;;;;;;;
Carrer Pere Bosch i Gimpera;Pere Bosch i Gimpera;Pere;Bosch;-2;Male;;VERDADERO;;;;;;;;;;;;;;;;;;
Carrer de Josep Aguilera;Josep Aguilera;Josep;Aguilera;-2;Male;;VERDADERO;;;;;;;;;;;;;;;;;;
Carrer Sant Jaume;Sant Jaume;Sant;Jaume;-2;Male;;VERDADERO;;;;;;;;;;;;;;;;;;
Carrer Joaquim Revetllat;Joaquim Revetllat;Joaquim;Revetllat;-2;Male;;VERDADERO;;;;;;;;;;;;;;;;;;
Carrer Esteve Vila;Esteve Vila;Esteve;Vila;-2;Male;;VERDADERO;;;;;;;;;;;;;;;;;;
Carrer Josep Ramis;Josep Ramis;Josep;Ramis;-2;Male;;VERDADERO;;;;;;;;;;;;;;;;;;
passatge Roger de Llúria;Roger Llúria;Roger;Llúria;-2;Male;;VERDADERO;;;;;;;;;;;;;;;;;;
Carrer Sant Dionís;Sant Dionís;Sant;Dionís;-2;Male;;VERDADERO;;;;;;;;;;;;;;;;;;
Carrer Doctor Ferran;Doctor Ferran;Doctor;Ferran;-2;Male;;VERDADERO;;;;;;;;;;;;;;;;;;
Carrer d'Ausias March;Ausias March;Ausias;March;-2;Male;;VERDADERO;;;;;;;;;;;;;;;;;;
Carrer Jacinto Benavente;Jacinto Benavente;Jacinto;Benavente;-2;Male;;VERDADERO;;;;;;;;;;;;;;;;;;
Carrer de Doctor Ferran;Doctor Ferran;Doctor;Ferran;-2;Male;;VERDADERO;;;;;;;;;;;;;;;;;;
Carrer Josep Maria Folch i Torres;Josep Maria Folch i Torres;Josep;Maria;-2;Male;;VERDADERO;;;;;;;;;;;;;;;;;;
Carrer de Josep Maria Folch i Torres;Josep Maria Folch i Torres;Josep;Maria;-2;Male;;VERDADERO;;;;;;;;;;;;;;;;;;
Carrer Xavier Montsalvatge;Xavier Montsalvatge;Xavier;Montsalvatge;-2;Male;;VERDADERO;;;;;;;;;;;;;;;;;;
Carrer de Josep Pla;Josep Pla;Josep;Pla;-2;Male;;VERDADERO;;;;;;;;;;;;;;;;;;
Passeig Josep Tarradelles;Josep Tarradelles;Josep;Tarradelles;-2;Male;;VERDADERO;;;;;;;;;;;;;;;;;;
Carrer de Sant Gregori;Sant Gregori;Sant;Gregori;-2;Male;;VERDADERO;;;;;;;;;;;;;;;;;;
Carrer de Lluís Maria Xirinacs i Damians;Lluís Maria Xirinacs i Damians;Lluís;Maria;-2;Male;;VERDADERO;;;;;;;;;;;;;;;;;;
Passeig de Feliu Matamala i Teixidor;Feliu Matamala i Teixidor;Feliu;Matamala;-2;Male;;VERDADERO;;;;;;;;;;;;;;;;;;
Carrer de Pere Rodeja i Ponsatí;Pere Rodeja i Ponsatí;Pere;Rodeja;-2;Male;;VERDADERO;;;;;;;;;;;;;;;;;;
Carrer de Josep Maria Prat i Roca;Josep Maria Prat i Roca;Josep;Maria;-2;Male;;VERDADERO;;;;;;;;;;;;;;;;;;
Plaça de Mossèn Josep Iglésias;Mossèn Josep Iglésias;Mossèn;Josep;-2;Male;;VERDADERO;;;;;;;;;;;;;;;;;;
Carrer de Josep Baró i Güell;Josep Baró i Güell;Josep;Baró;-2;Male;;VERDADERO;;;;;;;;;;;;;;;;;;
Carrer de Josep Vicenç Foix i Mas;Josep Vicenç Foix i Mas;Josep;Vicenç;-2;Male;;VERDADERO;;;;;;;;;;;;;;;;;;
Carrer d'Alfred Nobel;Alfred Nobel;Alfred;Nobel;-2;Male;;VERDADERO;;;;;;;;;;;;;;;;;;
Carrer de Miguel Hernández;Miguel Hernández;Miguel;Hernández;-2;Male;;VERDADERO;;;;;;;;;;;;;;;;;;
Carrer de Federico García Lorca;Federico García Lorca;Federico;García;-2;Male;;VERDADERO;;;;;;;;;;;;;;;;;;
Carrer de Carles Riba i Bracons;Carles Riba i Bracons;Carles;Riba;-2;Male;;VERDADERO;;;;;;;;;;;;;;;;;;
Carrer de Sant Medir;Sant Medir;Sant;Medir;-2;Male;;VERDADERO;;;;;;;;;;;;;;;;;;
Plaça de Rafael Alberti;Rafael Alberti;Rafael;Alberti;-2;Male;;VERDADERO;;;;;;;;;;;;;;;;;;
Carrer de Valentí Almirall i Llozer;Valentí Almirall i Llozer;Valentí;Almirall;-2;Male;;VERDADERO;;;;;;;;;;;;;;;;;;
Rotonda de Josep Tarradellas i Joan;Josep Tarradellas i Joan;Josep;Tarradellas;-2;Male;;VERDADERO;;;;;;;;;;;;;;;;;;
Carrer de Roberto Bolaño Ávalos;Roberto Bolaño Ávalos;Roberto;Bolaño;-2;Male;;VERDADERO;;;;;;;;;;;;;;;;;;
Avinguda de Josep Tarradellas i Joan;Josep Tarradellas i Joan;Josep;Tarradellas;-2;Male;;VERDADERO;;;;;;;;;;;;;;;;;;
Carrer de Sant Dionís;Sant Dionís;Sant;Dionís;-2;Male;;VERDADERO;;;;;;;;;;;;;;;;;;
Carrer de Pius XII;Pius XII;Pius;XII;-2;Male;;VERDADERO;;;;;;;;;;;;;;;;;;
Carrer de Manuel de Falla;Manuel de Falla;Manuel;de;-2;Male;;VERDADERO;;;;;;;;;;;;;;;;;;
Carrer Agustí Cabruja;Agustí Cabruja;Agustí;Cabruja;-2;Male;;VERDADERO;;;;;;;;;;;;;;;;;;
carrer Enric Granados;Enric Granados;Enric;Granados;-2;Male;;VERDADERO;;;;;;;;;;;;;;;;;;
Travessera de Sant Antoni;Sant Antoni;Sant;Antoni;-2;Male;;VERDADERO;;;;;;;;;;;;;;;;;;
carrer Jaume Vicenç Vives;Jaume Vicenç Vives;Jaume;Vicenç;-2;Male;;VERDADERO;;;;;;;;;;;;;;;;;;
Carrer de Sant Grau;Sant Grau;Sant;Grau;-2;Male;;VERDADERO;;;;;;;;;;;;;;;;;;
Carrer Sant Antoni;Sant Antoni;Sant;Antoni;-2;Male;;VERDADERO;;;;;;;;;;;;;;;;;;
carrer Lluís Millet;Lluís Millet;Lluís;Millet;-2;Male;;VERDADERO;;;;;;;;;;;;;;;;;;
Carrer de Josep Maria de Sagarra;Josep Maria de Sagarra;Josep;Maria;-2;Male;;VERDADERO;;;;;;;;;;;;;;;;;;
Carrer de Félix Lope de Vega;Félix Lope de Vega;Félix;Lope;-2;Male;;VERDADERO;;;;;;;;;;;;;;;;;;
Carrer del President Francesc Macià;President Francesc Macià;President;Francesc;-2;Male;;VERDADERO;;;;;;;;;;;;;;;;;;
Carrer Manuel de Falla;Manuel Falla;Manuel;Falla;-2;Male;;VERDADERO;;;;;;;;;;;;;;;;;;
Grup Sant Jaume;Grup  Jaume;Grup;;-2;Male;;VERDADERO;;;;;;;;;;;;;;;;;;
Carrer President Macià;President Macià;President;Macià;-2;Male;;VERDADERO;;;;;;;;;;;;;;;;;;
Carrer Pere Gallostra;Pere Gallostra;Pere;Gallostra;-2;Male;;VERDADERO;;;;;;;;;;;;;;;;;;
Carrer Santiago Ramon i Cajal;Santiago Ramon i Cajal;Santiago;Ramon;-2;Male;;VERDADERO;;;;;;;;;;;;;;;;;;
Carrer Josep Irla;Josep Irla;Josep;Irla;-2;Male;;VERDADERO;;;;;;;;;;;;;;;;;;
Carrer Ramon y Cajal;Ramon y Cajal;Ramon;y;-2;Male;;VERDADERO;;;;;;;;;;;;;;;;;;
Carrer Miguel de Cervantes;Miguel Cervantes;Miguel;Cervantes;-2;Male;;VERDADERO;;;;;;;;;;;;;;;;;;
Carrer Mossèn Sebastià Puig;Mossèn Sebastià Puig;Mossèn;Sebastià;-2;Male;;VERDADERO;;;;;;;;;;;;;;;;;;
Carrer Anselm Clavé;Anselm Clavé;Anselm;Clavé;-2;Male;;VERDADERO;;;;;;;;;;;;;;;;;;
Carrer d'Alfons Moré;Alfons Moré;Alfons;Moré;-2;Male;;VERDADERO;;;;;;;;;;;;;;;;;;
Carrer de Francesc Estival i Cisa;Francesc Estival i Cisa;Francesc;Estival;-2;Male;;VERDADERO;;;;;;;;;;;;;;;;;;
Carrer de Jaume Faixó i Fusellas;Jaume Faixó i Fusellas;Jaume;Faixó;-2;Male;;VERDADERO;;;;;;;;;;;;;;;;;;
Carrer de Carles Vivó i Siqués;Carles Vivó i Siqués;Carles;Vivó;-2;Male;;VERDADERO;;;;;;;;;;;;;;;;;;
Carrer de Josep Viader i Moliner;Josep Viader i Moliner;Josep;Viader;-2;Male;;VERDADERO;;;;;;;;;;;;;;;;;;
Carrer de Bernat Boades;Bernat Boades;Bernat;Boades;-2;Male;;VERDADERO;;;;;;;;;;;;;;;;;;
Carrer d'Antoni Rovira i Virgili;Antoni Rovira i Virgili;Antoni;Rovira;-2;Male;;VERDADERO;;;;;;;;;;;;;;;;;;
Avinguda de Josep Tarradellas;Josep Tarradellas;Josep;Tarradellas;-2;Male;;VERDADERO;;;;;;;;;;;;;;;;;;
Carrer de Guillem Bofill;Guillem Bofill;Guillem;Bofill;-2;Male;;VERDADERO;;;;;;;;;;;;;;;;;;
Carrer de Ramon Muntaner;Ramon Muntaner;Ramon;Muntaner;-2;Male;;VERDADERO;;;;;;;;;;;;;;;;;;
Carrer de Cristòfor Colom;Cristòfor Colom;Cristòfor;Colom;-2;Male;;VERDADERO;;;;;;;;;;;;;;;;;;
Carrer de Pere Compte;Pere Compte;Pere;Compte;-2;Male;;VERDADERO;;;;;;;;;;;;;;;;;;
Carrer de Tomàs Carreras i Artau;Tomàs Carreras i Artau;Tomàs;Carreras;-2;Male;;VERDADERO;;;;;;;;;;;;;;;;;;
Carrer d'Enric Marquès i Ribalta;Enric Marquès i Ribalta;Enric;Marquès;-2;Male;;VERDADERO;;;;;;;;;;;;;;;;;;
Passatge de Francesc Pi i Margall;Francesc Pi i Margall;Francesc;Pi;-2;Male;;VERDADERO;;;;;;;;;;;;;;;;;;
Carrer de Narcís Xifra i Masmitjà;Narcís Xifra i Masmitjà;Narcís;Xifra;-2;Male;;VERDADERO;;;;;;;;;;;;;;;;;;
Carrer de Santiago Sobrequés i Vidal;Santiago Sobrequés i Vidal;Santiago;Sobrequés;-2;Male;;VERDADERO;;;;;;;;;;;;;;;;;;
Carrer de Miquel Santaló;Miquel Santaló;Miquel;Santaló;-2;Male;;VERDADERO;;;;;;;;;;;;;;;;;;
Carrer de Mestre Dalmau i Carles;Mestre Dalmau i Carles;Mestre;Dalmau;-2;Male;;VERDADERO;;;;;;;;;;;;;;;;;;
"Passeig de Ramon Berenguer II, ""Cap d'Estopes""";"Ramon Berenguer II, ""Cap Estopes""";Ramon;Berenguer;-2;Male;;VERDADERO;;;;;;;;;;;;;;;;;;
Carrer de Salvador Dabau i Caussà;Salvador Dabau i Caussà;Salvador;Dabau;-2;Male;;VERDADERO;;;;;;;;;;;;;;;;;;
Carrer Isidre Molar;Isidre Molar;Isidre;Molar;-2;Male;;VERDADERO;;;;;;;;;;;;;;;;;;
Carrer de Narcís Roca i Farreras;Narcís Roca i Farreras;Narcís;Roca;-2;Male;;VERDADERO;;;;;;;;;;;;;;;;;;
Rambla de Xavier Cugat;Xavier Cugat;Xavier;Cugat;-2;Male;;VERDADERO;;;;;;;;;;;;;;;;;;
Carrer de Guillem Colteller;Guillem Colteller;Guillem;Colteller;-2;Male;;VERDADERO;;;;;;;;;;;;;;;;;;
Carrer d'Antoni Gaudí i Cornet;Antoni Gaudí i Cornet;Antoni;Gaudí;-2;Male;;VERDADERO;;;;;;;;;;;;;;;;;;
Carrer de Martí Sureda i Deulovol;Martí Sureda i Deulovol;Martí;Sureda;-2;Male;;VERDADERO;;;;;;;;;;;;;;;;;;
Carrer Miquel Martí Pol;Miquel Martí Pol;Miquel;Martí;-2;Male;;VERDADERO;;;;;;;;;;;;;;;;;;
Carrer de Sant Jordi;Sant Jordi;Sant;Jordi;-2;Male;;VERDADERO;;;;;;;;;;;;;;;;;;
Carrer Sant Ferriol;Sant Ferriol;Sant;Ferriol;-2;Male;;VERDADERO;;;;;;;;;;;;;;;;;;
Carrer Climent Guardiola i Gener;Climent Guardiola i Gener;Climent;Guardiola;-2;Male;;VERDADERO;;;;;;;;;;;;;;;;;;
Carrer Isidre Macau;Isidre Macau;Isidre;Macau;-2;Male;;VERDADERO;;;;;;;;;;;;;;;;;;
Carrer Agustí Riera i Pau;Agustí Riera i Pau;Agustí;Riera;-2;Male;;VERDADERO;;;;;;;;;;;;;;;;;;
Carrer de Sant Gaietà;Sant Gaietà;Sant;Gaietà;-2;Male;;VERDADERO;;;;;;;;;;;;;;;;;;
Carrer Josep Pallach;Josep Pallach;Josep;Pallach;-2;Male;;VERDADERO;;;;;;;;;;;;;;;;;;
Passeig Federico García Lorca;Federico García Lorca;Federico;García;-2;Male;;VERDADERO;;;;;;;;;;;;;;;;;;
Carrer Pere Calders;Pere Calders;Pere;Calders;-2;Male;;VERDADERO;;;;;;;;;;;;;;;;;;
Carrer Josep Maria de Segarra;Josep Maria Segarra;Josep;Maria;-2;Male;;VERDADERO;;;;;;;;;;;;;;;;;;
Carrer Manuel de Pedrolo;Manuel Pedrolo;Manuel;Pedrolo;-2;Male;;VERDADERO;;;;;;;;;;;;;;;;;;
Carrer Roger de Flor;Roger Flor;Roger;Flor;-2;Male;;VERDADERO;;;;;;;;;;;;;;;;;;
Carrer Mossèn Josep Poch;Mossèn Josep Poch;Mossèn;Josep;-2;Male;;VERDADERO;;;;;;;;;;;;;;;;;;
Passatge Paulí Torras;Paulí Torras;Paulí;Torras;-2;Male;;VERDADERO;;;;;;;;;;;;;;;;;;
Carrer Josep Flores;Josep Flores;Josep;Flores;-2;Male;;VERDADERO;;;;;;;;;;;;;;;;;;
Carrer Ramon Llull;Ramon Llull;Ramon;Llull;-2;Male;;VERDADERO;;;;;;;;;;;;;;;;;;
Carrer de Ramon Llull;Ramon Llull;Ramon;Llull;-2;Male;;VERDADERO;;;;;;;;;;;;;;;;;;
Carrer Francesc Cambó;Francesc Cambó;Francesc;Cambó;-2;Male;;VERDADERO;;;;;;;;;;;;;;;;;;
Pont  Josep Tarradellas i Joan;Josep Tarradellas i Joan;Josep;Tarradellas;-2;Male;;VERDADERO;;;;;;;;;;;;;;;;;;
Carrer d'Agustí Riera i Pau;Agustí Riera i Pau;Agustí;Riera;-2;Male;;VERDADERO;;;;;;;;;;;;;;;;;;
Passatge de Mossèn Pere Rabat;Mossèn Pere Rabat;Mossèn;Pere;-2;Male;;VERDADERO;;;;;;;;;;;;;;;;;;
Carrer de Just Manuel Casero i Madrid;Just Manuel Casero i Madrid;Just;Manuel;-2;Male;;VERDADERO;;;;;;;;;;;;;;;;;;
Plaça de Tomàs Baraut i Obiols;Tomàs Baraut i Obiols;Tomàs;Baraut;-2;Male;;VERDADERO;;;;;;;;;;;;;;;;;;
Carrer d'Àngel Marsà i Beca;Àngel Marsà i Beca;Àngel;Marsà;-2;Male;;VERDADERO;;;;;;;;;;;;;;;;;;
Plaça de Camil Geis;Camil Geis;Camil;Geis;-2;Male;;VERDADERO;;;;;;;;;;;;;;;;;;
Carrer d'Antoni Varés i Martinell;Antoni Varés i Martinell;Antoni;Varés;-2;Male;;VERDADERO;;;;;;;;;;;;;;;;;;
Carrer de Francesc Ferrer i Gironès;Francesc Ferrer i Gironès;Francesc;Ferrer;-2;Male;;VERDADERO;;;;;;;;;;;;;;;;;;
Carrer Francesc Ferrer i Gironès;Francesc Ferrer i Gironès;Francesc;Ferrer;-2;Male;;VERDADERO;;;;;;;;;;;;;;;;;;
Carrer d'Enric Adroher i Pascual;Enric Adroher i Pascual;Enric;Adroher;-2;Male;;VERDADERO;;;;;;;;;;;;;;;;;;
Plaça de Louis Braille;Louis Braille;Louis;Braille;-2;Male;;VERDADERO;;;;;;;;;;;;;;;;;;
Carrer de Josep Trueta i Raspall;Josep Trueta i Raspall;Josep;Trueta;-2;Male;;VERDADERO;;;;;;;;;;;;;;;;;;
Carrer de Pep Colomer i Martí;Pep Colomer i Martí;Pep;Colomer;-2;Male;;VERDADERO;;;;;;;;;;;;;;;;;;
Carrer de Manuel de Pedrolo;Manuel de Pedrolo;Manuel;de;-2;Male;;VERDADERO;;;;;;;;;;;;;;;;;;
Rotonda de Joaquim Vayreda;Joaquim Vayreda;Joaquim;Vayreda;-2;Male;;VERDADERO;;;;;;;;;;;;;;;;;;
Carrer de Joaquim Vayreda;Joaquim Vayreda;Joaquim;Vayreda;-2;Male;;VERDADERO;;;;;;;;;;;;;;;;;;
Carrer de Ramon Turró;Ramon Turró;Ramon;Turró;-2;Male;;VERDADERO;;;;;;;;;;;;;;;;;;
Ronda Ferran Puig;Ferran Puig;Ferran;Puig;-2;Male;;VERDADERO;;;;;;;;;;;;;;;;;;
Ronda de Ferran Puig;Ferran Puig;Ferran;Puig;-2;Male;;VERDADERO;;;;;;;;;;;;;;;;;;
Passeig de José Canalejas;José Canalejas;José;Canalejas;-2;Male;;VERDADERO;;;;;;;;;;;;;;;;;;
Carrer de Miquel Blay;Miquel Blay;Miquel;Blay;-2;Male;;VERDADERO;;;;;;;;;;;;;;;;;;
Carrer de Cristòfor Grober;Cristòfor Grober;Cristòfor;Grober;-2;Male;;VERDADERO;;;;;;;;;;;;;;;;;;
Carrer de Berenguer Carnicer;Berenguer Carnicer;Berenguer;Carnicer;-2;Male;;VERDADERO;;;;;;;;;;;;;;;;;;
Avinguda de Ramon Folch;Ramon Folch;Ramon;Folch;-2;Male;;VERDADERO;;;;;;;;;;;;;;;;;;
Pont de Sant Feliu;Pont  Feliu;Pont;;-2;Male;;VERDADERO;;;;;;;;;;;;;;;;;;
Carrer de Jeroni Real de Fontclara;Jeroni Real de Fontclara;Jeroni;Real;-2;Male;;VERDADERO;;;;;;;;;;;;;;;;;;
Gran Via de Jaume I;Gran  Jaume I;Gran;;-2;Male;;VERDADERO;;;;;;;;;;;;;;;;;;
Carrer d'Anselm Clavé;Anselm Clavé;Anselm;Clavé;-2;Male;;VERDADERO;;;;;;;;;;;;;;;;;;
Carrer de Francesc Eiximenis;Francesc Eiximenis;Francesc;Eiximenis;-2;Male;;VERDADERO;;;;;;;;;;;;;;;;;;
Carrer d'Anselm Clavé i Camps;Anselm Clavé i Camps;Anselm;Clavé;-2;Male;;VERDADERO;;;;;;;;;;;;;;;;;;
Ronda de Peius Pascual i Carbó;Peius Pascual i Carbó;Peius;Pascual;-2;Male;;VERDADERO;;;;;;;;;;;;;;;;;;
Carrer de Francesc Macià;Francesc Macià;Francesc;Macià;-2;Male;;VERDADERO;;;;;;;;;;;;;;;;;;
Carrer de Xavier Montsalvatge;Xavier Montsalvatge;Xavier;Montsalvatge;-2;Male;;VERDADERO;;;;;;;;;;;;;;;;;;
Plaça de Domènec Fita i Molat;Domènec Fita i Molat;Domènec;Fita;-2;Male;;VERDADERO;;;;;;;;;;;;;;;;;;
Carrer de Jaume Pons i Martí;Jaume Pons i Martí;Jaume;Pons;-2;Male;;VERDADERO;;;;;;;;;;;;;;;;;;
Plaça de Sant Feliu;Sant Feliu;Sant;Feliu;-2;Male;;VERDADERO;;;;;;;;;;;;;;;;;;
Plaça de Sant Pere;Sant Pere;Sant;Pere;-2;Male;;VERDADERO;;;;;;;;;;;;;;;;;;
Pujada del Rei Martí;Pujada del Rei Martí;Pujada;del;-2;Male;;VERDADERO;;;;;;;;;;;;;;;;;;
Carrer de Francesc Samsó;Francesc Samsó;Francesc;Samsó;-2;Male;;VERDADERO;;;;;;;;;;;;;;;;;;
Carrer de Ferran el Catòlic;Ferran el Catòlic;Ferran;el;-2;Male;;VERDADERO;;;;;;;;;;;;;;;;;;
Carrer de Silvestre Santaló;Silvestre Santaló;Silvestre;Santaló;-2;Male;;VERDADERO;;;;;;;;;;;;;;;;;;
Jardins de John Lennon;John Lennon;John;Lennon;-2;Male;;VERDADERO;;;;;;;;;;;;;;;;;;
Plaça de Narcís Figueras;Narcís Figueras;Narcís;Figueras;-2;Male;;VERDADERO;;;;;;;;;;;;;;;;;;
Mirador de Lluís Maria de Puig i Olivé;Mirador de Lluís Maria de Puig i Olivé;Mirador;de;-2;Male;;VERDADERO;;;;;;;;;;;;;;;;;;
Pujada de Sant Feliu;Pujada  Feliu;Pujada;;-2;Male;;VERDADERO;;;;;;;;;;;;;;;;;;
Passatge de Miquel Gómez;Miquel Gómez;Miquel;Gómez;-2;Male;;VERDADERO;;;;;;;;;;;;;;;;;;
Carrer de Lluís Batlle i Prats;Lluís Batlle i Prats;Lluís;Batlle;-2;Male;;VERDADERO;;;;;;;;;;;;;;;;;;
Pont de Sant Agustí;Pont  Agustí;Pont;;-2;Male;;VERDADERO;;;;;;;;;;;;;;;;;;
Carrer de Guillem Minali;Guillem Minali;Guillem;Minali;-2;Male;;VERDADERO;;;;;;;;;;;;;;;;;;
Pujada de Sant Domènec;Pujada  Domènec;Pujada;;-2;Male;;VERDADERO;;;;;;;;;;;;;;;;;;
Pujada de Sant Martí;Pujada  Martí;Pujada;;-2;Male;;VERDADERO;;;;;;;;;;;;;;;;;;
Carrer de Sant Cristòfor;Sant Cristòfor;Sant;Cristòfor;-2;Male;;VERDADERO;;;;;;;;;;;;;;;;;;
Carrer de Pere de Rocaberti;Pere de Rocaberti;Pere;de;-2;Male;;VERDADERO;;;;;;;;;;;;;;;;;;
Plaça de Sant Domènec;Sant Domènec;Sant;Domènec;-2;Male;;VERDADERO;;;;;;;;;;;;;;;;;;
Plaça de Federico Fellini;Federico Fellini;Federico;Fellini;-2;Male;;VERDADERO;;;;;;;;;;;;;;;;;;
Plaça de Josep Ferrater i Mora;Josep Ferrater i Mora;Josep;Ferrater;-2;Male;;VERDADERO;;;;;;;;;;;;;;;;;;
Carrer de Sant Daniel;Sant Daniel;Sant;Daniel;-2;Male;;VERDADERO;;;;;;;;;;;;;;;;;;
Carrer d'Ignasi Iglésias;Ignasi Iglésias;Ignasi;Iglésias;-2;Male;;VERDADERO;;;;;;;;;;;;;;;;;;
Carrer de Mariano Montorro;Mariano Montorro;Mariano;Montorro;-2;Male;;VERDADERO;;;;;;;;;;;;;;;;;;
Plaça de Prudenci Bertrana;Prudenci Bertrana;Prudenci;Bertrana;-2;Male;;VERDADERO;;;;;;;;;;;;;;;;;;
Plaça de Miquel de Palol;Miquel de Palol;Miquel;de;-2;Male;;VERDADERO;;;;;;;;;;;;;;;;;;
Carrer de Mestre Francesc Civil;Mestre Francesc Civil;Mestre;Francesc;-2;Male;;VERDADERO;;;;;;;;;;;;;;;;;;
Carrer de Francesc Rogés;Francesc Rogés;Francesc;Rogés;-2;Male;;VERDADERO;;;;;;;;;;;;;;;;;;
Carrer de Tomàs Mieres;Tomàs Mieres;Tomàs;Mieres;-2;Male;;VERDADERO;;;;;;;;;;;;;;;;;;
Carrer de Rafael Masó i Valentí;Rafael Masó i Valentí;Rafael;Masó;-2;Male;;VERDADERO;;;;;;;;;;;;;;;;;;
Carrer de Pere de Palol;Pere de Palol;Pere;de;-2;Male;;VERDADERO;;;;;;;;;;;;;;;;;;
Carrer de Ferran Soldevila;Ferran Soldevila;Ferran;Soldevila;-2;Male;;VERDADERO;;;;;;;;;;;;;;;;;;
Carrer de Francesc Artau;Francesc Artau;Francesc;Artau;-2;Male;;VERDADERO;;;;;;;;;;;;;;;;;;
Carrer de Josep Maria Gironella i Pous;Josep Maria Gironella i Pous;Josep;Maria;-2;Male;;VERDADERO;;;;;;;;;;;;;;;;;;
Carrer de Pierre Vilar;Pierre Vilar;Pierre;Vilar;-2;Male;;VERDADERO;;;;;;;;;;;;;;;;;;
Avinguda de Sant Francesc;Sant Francesc;Sant;Francesc;-2;Male;;VERDADERO;;;;;;;;;;;;;;;;;;
Ronda de Sant Antoni Maria Claret;Sant Antoni Maria Claret;Sant;Antoni;-2;Male;;VERDADERO;;;;;;;;;;;;;;;;;;
Carrer de Ferran Agulló i Vidal;Ferran Agulló i Vidal;Ferran;Agulló;-2;Male;;VERDADERO;;;;;;;;;;;;;;;;;;
Avinguda Mariano Álvarez de Castro;Mariano Álvarez Castro;Mariano;Álvarez;-2;Male;;VERDADERO;;;;;;;;;;;;;;;;;;
Carrer de Doctor Gaspar Casal;Doctor Gaspar Casal;Doctor;Gaspar;-2;Male;;VERDADERO;;;;;;;;;;;;;;;;;;
Carrer de Doctor Francesc Coll i Turbau;Doctor Francesc Coll i Turbau;Doctor;Francesc;-2;Male;;VERDADERO;;;;;;;;;;;;;;;;;;
Carrer de Bernat Bacià;Bernat Bacià;Bernat;Bacià;-2;Male;;VERDADERO;;;;;;;;;;;;;;;;;;
Plaça de Josep Pla;Josep Pla;Josep;Pla;-2;Male;;VERDADERO;;;;;;;;;;;;;;;;;;
Plaça de Pompeu Fabra;Pompeu Fabra;Pompeu;Fabra;-2;Male;;VERDADERO;;;;;;;;;;;;;;;;;;
Plaça de Francesc Calvet i Rubalcaba;Francesc Calvet i Rubalcaba;Francesc;Calvet;-2;Male;;VERDADERO;;;;;;;;;;;;;;;;;;
Carrer de Tomàs de Lorenzana;Tomàs de Lorenzana;Tomàs;de;-2;Male;;VERDADERO;;;;;;;;;;;;;;;;;;
Carrer de Francesc de Ciurana i Hernández;Francesc de Ciurana i Hernández;Francesc;de;-2;Male;;VERDADERO;;;;;;;;;;;;;;;;;;
Plaça de Joaquim Pla i Dalmau;Joaquim Pla i Dalmau;Joaquim;Pla;-2;Male;;VERDADERO;;;;;;;;;;;;;;;;;;
Carrer de Josep Maluquer i Salvador;Josep Maluquer i Salvador;Josep;Maluquer;-2;Male;;VERDADERO;;;;;;;;;;;;;;;;;;
Plaça de Josep Pallach i Carolà;Josep Pallach i Carolà;Josep;Pallach;-2;Male;;VERDADERO;;;;;;;;;;;;;;;;;;
Pont de Tomàs de Lorenzana;Tomàs de Lorenzana;Tomàs;de;-2;Male;;VERDADERO;;;;;;;;;;;;;;;;;;
Carrer de Bru Barnoya i Xiberta;Bru Barnoya i Xiberta;Bru;Barnoya;-2;Male;;VERDADERO;;;;;;;;;;;;;;;;;;
Plaça de Salvador Dalí i Domènech;Salvador Dalí i Domènech;Salvador;Dalí;-2;Male;;VERDADERO;;;;;;;;;;;;;;;;;;
Carrer d'Oriol Martorell i Codina;Oriol Martorell i Codina;Oriol;Martorell;-2;Male;;VERDADERO;;;;;;;;;;;;;;;;;;
Carrer de Sant Ignasi;Sant Ignasi;Sant;Ignasi;-2;Male;;VERDADERO;;;;;;;;;;;;;;;;;;
Carrer de Sant Miquel;Sant Miquel;Sant;Miquel;-2;Male;;VERDADERO;;;;;;;;;;;;;;;;;;
Carrer de Narcís Blanch i Illa;Narcís Blanch i Illa;Narcís;Blanch;-2;Male;;VERDADERO;;;;;;;;;;;;;;;;;;
Carrer de Carles Rahola;Carles Rahola;Carles;Rahola;-2;Male;;VERDADERO;;;;;;;;;;;;;;;;;;
Carrer de Sant Isidre;Sant Isidre;Sant;Isidre;-2;Male;;VERDADERO;;;;;;;;;;;;;;;;;;
Carrer de Jaume Balmes;Jaume Balmes;Jaume;Balmes;-2;Male;;VERDADERO;;;;;;;;;;;;;;;;;;
Carrer de Josep Ametller i Viñas;Josep Ametller i Viñas;Josep;Ametller;-2;Male;;VERDADERO;;;;;;;;;;;;;;;;;;
Carrer de Josep Tharrats;Josep Tharrats;Josep;Tharrats;-2;Male;;VERDADERO;;;;;;;;;;;;;;;;;;
Carrer d'Enric Claudi Girbal i Nadal;Enric Claudi Girbal i Nadal;Enric;Claudi;-2;Male;;VERDADERO;;;;;;;;;;;;;;;;;;
Carrer de Narcís Blanch;Narcís Blanch;Narcís;Blanch;-2;Male;;VERDADERO;;;;;;;;;;;;;;;;;;
Plaça de Josep Irla i Bosch;Josep Irla i Bosch;Josep;Irla;-2;Male;;VERDADERO;;;;;;;;;;;;;;;;;;
Carrer de Sant Agustí;Sant Agustí;Sant;Agustí;-2;Male;;VERDADERO;;;;;;;;;;;;;;;;;;
Carrer de Mossèn Baldiri Reixac;Mossèn Baldiri Reixac;Mossèn;Baldiri;-2;Male;;VERDADERO;;;;;;;;;;;;;;;;;;
Carrer de Jaume Marquès i Casanovas;Jaume Marquès i Casanovas;Jaume;Marquès;-2;Male;;VERDADERO;;;;;;;;;;;;;;;;;;
Carrer de Sant Hipòlit;Sant Hipòlit;Sant;Hipòlit;-2;Male;;VERDADERO;;;;;;;;;;;;;;;;;;
Carrer de Sant Salvador d'Horta;Sant Salvador Horta;Sant;Salvador;-2;Male;;VERDADERO;;;;;;;;;;;;;;;;;;
Carrer de Joaquim Pla i Cargol;Joaquim Pla i Cargol;Joaquim;Pla;-2;Male;;VERDADERO;;;;;;;;;;;;;;;;;;
Plaça de Sant Josep;Sant Josep;Sant;Josep;-2;Male;;VERDADERO;;;;;;;;;;;;;;;;;;
Plaça de Jacint Verdaguer i Santaló;Jacint Verdaguer i Santaló;Jacint;Verdaguer;-2;Male;;VERDADERO;;;;;;;;;;;;;;;;;;
Carrer de Pere III el Cerimoniós;Pere III el Cerimoniós;Pere;III;-2;Male;;VERDADERO;;;;;;;;;;;;;;;;;;
Jardins d'Eusebi Colomer i Pous;Eusebi Colomer i Pous;Eusebi;Colomer;-2;Male;;VERDADERO;;;;;;;;;;;;;;;;;;
Carrer de Jaume Roca i Delpech;Jaume Roca i Delpech;Jaume;Roca;-2;Male;;VERDADERO;;;;;;;;;;;;;;;;;;
Carrer de Josep Pascual i Prats;Josep Pascual i Prats;Josep;Pascual;-2;Male;;VERDADERO;;;;;;;;;;;;;;;;;;
Jardins de Pablo García Cortés;Pablo García Cortés;Pablo;García;-2;Male;;VERDADERO;;;;;;;;;;;;;;;;;;
Carrer de Josep Morató i Grau;Josep Morató i Grau;Josep;Morató;-2;Male;;VERDADERO;;;;;;;;;;;;;;;;;;
Plaça d'Enric Claudi Girbal i Nadal;Enric Claudi Girbal i Nadal;Enric;Claudi;-2;Male;;VERDADERO;;;;;;;;;;;;;;;;;;
Plaça de Rafael Casanova i Comes;Rafael Casanova i Comes;Rafael;Casanova;-2;Male;;VERDADERO;;;;;;;;;;;;;;;;;;
Plaça de Miquel Coll i Alentorn;Miquel Coll i Alentorn;Miquel;Coll;-2;Male;;VERDADERO;;;;;;;;;;;;;;;;;;
Carrer de Joaquim Botet i Sisó;Joaquim Botet i Sisó;Joaquim;Botet;-2;Male;;VERDADERO;;;;;;;;;;;;;;;;;;
Carrer d'Andreu Tuyet i Santamaria;Andreu Tuyet i Santamaria;Andreu;Tuyet;-2;Male;;VERDADERO;;;;;;;;;;;;;;;;;;
Carrer del Taquígraf Martí;Taquígraf Martí;Taquígraf;Martí;-2;Male;;VERDADERO;;;;;;;;;;;;;;;;;;
Plaça de Joaquim de Camps i Arboix;Joaquim de Camps i Arboix;Joaquim;de;-2;Male;;VERDADERO;;;;;;;;;;;;;;;;;;
Carrer de Joaquim Ruyra i Oms;Joaquim Ruyra i Oms;Joaquim;Ruyra;-2;Male;;VERDADERO;;;;;;;;;;;;;;;;;;
Carrer de Carles de Bolós;Carles de Bolós;Carles;de;-2;Male;;VERDADERO;;;;;;;;;;;;;;;;;;
Plaça de George Orwell;George Orwell;George;Orwell;-2;Male;;VERDADERO;;;;;;;;;;;;;;;;;;
Carrer de Francesc Palau i Quer;Francesc Palau i Quer;Francesc;Palau;-2;Male;;VERDADERO;;;;;;;;;;;;;;;;;;
Carrer d'Anton Agullana;Anton Agullana;Anton;Agullana;-2;Male;;VERDADERO;;;;;;;;;;;;;;;;;;
Carrer d'Àngel Serradell i Pérez;Àngel Serradell i Pérez;Àngel;Serradell;-2;Male;;VERDADERO;;;;;;;;;;;;;;;;;;
Carrer de Josep Clarà i Ayats;Josep Clarà i Ayats;Josep;Clarà;-2;Male;;VERDADERO;;;;;;;;;;;;;;;;;;
"Carrer de Josep Bosch i Puy, ""Piculives""";"Josep Bosch i Puy, ""Piculives""";Josep;Bosch;-2;Male;;VERDADERO;;;;;;;;;;;;;;;;;;
Carrer de Manuel Carrasco i Formiguera;Manuel Carrasco i Formiguera;Manuel;Carrasco;-2;Male;;VERDADERO;;;;;;;;;;;;;;;;;;
Carrer de Tomàs Roig i Llop;Tomàs Roig i Llop;Tomàs;Roig;-2;Male;;VERDADERO;;;;;;;;;;;;;;;;;;
Carrer de Jaume Ministral i Masià;Jaume Ministral i Masià;Jaume;Ministral;-2;Male;;VERDADERO;;;;;;;;;;;;;;;;;;
Carrer de Josep Maria Dalmau;Josep Maria Dalmau;Josep;Maria;-2;Male;;VERDADERO;;;;;;;;;;;;;;;;;;
Carrer de Ricard Giralt i Casadesús;Ricard Giralt i Casadesús;Ricard;Giralt;-2;Male;;VERDADERO;;;;;;;;;;;;;;;;;;
Passatge de Ricard Giralt i Casadesús;Ricard Giralt i Casadesús;Ricard;Giralt;-2;Male;;VERDADERO;;;;;;;;;;;;;;;;;;
Carrer de Francesc Mateu;Francesc Mateu;Francesc;Mateu;-2;Male;;VERDADERO;;;;;;;;;;;;;;;;;;
Carrer de Laureà Dalmau i Pla;Laureà Dalmau i Pla;Laureà;Dalmau;-2;Male;;VERDADERO;;;;;;;;;;;;;;;;;;
Carrer de Berenguer de Palol;Berenguer de Palol;Berenguer;de;-2;Male;;VERDADERO;;;;;;;;;;;;;;;;;;
Carrer de Georges Méliès;Georges Méliès;Georges;Méliès;-2;Male;;VERDADERO;;;;;;;;;;;;;;;;;;
Plaça de Sebastià Salellas i Magret;Sebastià Salellas i Magret;Sebastià;Salellas;-2;Male;;VERDADERO;;;;;;;;;;;;;;;;;;
Plaça de Pablo Ruiz Picasso;Pablo Ruiz Picasso;Pablo;Ruiz;-2;Male;;VERDADERO;;;;;;;;;;;;;;;;;;
Carrer de Sant Ou;Sant Ou;Sant;Ou;-2;Male;;VERDADERO;;;;;;;;;;;;;;;;;;
Carrer de Salvador Dalí;Salvador Dalí;Salvador;Dalí;-2;Male;;VERDADERO;;;;;;;;;;;;;;;;;;
Carrer d'en Jaume Balmes;en Jaume Balmes;en;Jaume;-2;Male;;VERDADERO;;;;;;;;;;;;;;;;;;
Rambla de Josep Pla;Josep Pla;Josep;Pla;-2;Male;;VERDADERO;;;;;;;;;;;;;;;;;;
Carrer Doctor Vidal;Doctor Vidal;Doctor;Vidal;-2;Male;;VERDADERO;;;;;;;;;;;;;;;;;;
Carrer d'Àusias March;Àusias March;Àusias;March;-2;Male;;VERDADERO;;;;;;;;;;;;;;;;;;
Carrer de Just Puig;Just Puig;Just;Puig;-2;Male;;VERDADERO;;;;;;;;;;;;;;;;;;
Carrer Pablo Picasso;Pablo Picasso;Pablo;Picasso;-2;Male;;VERDADERO;;;;;;;;;;;;;;;;;;
Carrer Federic Mompou;Federic Mompou;Federic;Mompou;-2;Male;;VERDADERO;;;;;;;;;;;;;;;;;;
;;;;;;;FALSO;;;;;;;;;;;;;;;;;;
